/* SPDX-License-Identifier: OFL-1.1 */
/* Converted glyph data from Bungee (OFL-1.1, see OFL-bungee.txt). */
/*******************************************************************************
 * Size: 28 px
 * Bpp: 4
 * Opts: --bpp 4 --size 28 --font src/Bungee-Regular.ttf -r 0x20-0x7E,0xB7,0x2026 --format lvgl --lv-font-name eg_bungee_28 --no-compress -o ../main/fonts/eg_bungee_28.c
 ******************************************************************************/

#ifdef LV_LVGL_H_INCLUDE_SIMPLE
#include "lvgl.h"
#else
#include "lvgl/lvgl.h"
#endif

#ifndef EG_BUNGEE_28
#define EG_BUNGEE_28 1
#endif

#if EG_BUNGEE_28

/*-----------------
 *    BITMAPS
 *----------------*/

/*Store the image of the glyphs*/
static LV_ATTRIBUTE_LARGE_CONST const uint8_t glyph_bitmap[] = {
    /* U+0020 " " */

    /* U+0021 "!" */
    0x8f, 0xff, 0xff, 0xf6, 0xaf, 0xff, 0xff, 0xf8,
    0xaf, 0xff, 0xff, 0xf7, 0x9f, 0xff, 0xff, 0xf7,
    0x9f, 0xff, 0xff, 0xf6, 0x8f, 0xff, 0xff, 0xf6,
    0x7f, 0xff, 0xff, 0xf5, 0x7f, 0xff, 0xff, 0xf5,
    0x6f, 0xff, 0xff, 0xf4, 0x6f, 0xff, 0xff, 0xf3,
    0x5f, 0xff, 0xff, 0xf3, 0x4f, 0xff, 0xff, 0xf2,
    0x2f, 0xff, 0xff, 0xf1, 0x0, 0x11, 0x11, 0x0,
    0x0, 0x0, 0x0, 0x0, 0x5c, 0xcc, 0xcc, 0xc3,
    0xaf, 0xff, 0xff, 0xf8, 0xaf, 0xff, 0xff, 0xf8,
    0xaf, 0xff, 0xff, 0xf8, 0xaf, 0xff, 0xff, 0xf8,
    0x7f, 0xff, 0xff, 0xf5,

    /* U+0022 "\"" */
    0x9f, 0xff, 0xff, 0xe0, 0xe, 0xff, 0xff, 0xfa,
    0xbf, 0xff, 0xff, 0xf1, 0xf, 0xff, 0xff, 0xfc,
    0xaf, 0xff, 0xff, 0xf1, 0xf, 0xff, 0xff, 0xfc,
    0xaf, 0xff, 0xff, 0xf0, 0xf, 0xff, 0xff, 0xfb,
    0xaf, 0xff, 0xff, 0xf0, 0xf, 0xff, 0xff, 0xfb,
    0x9f, 0xff, 0xff, 0xf0, 0xe, 0xff, 0xff, 0xfa,
    0x9f, 0xff, 0xff, 0xf0, 0xe, 0xff, 0xff, 0xfa,
    0x8f, 0xff, 0xff, 0xf0, 0xd, 0xff, 0xff, 0xfa,
    0x8f, 0xff, 0xff, 0xe0, 0xd, 0xff, 0xff, 0xf9,
    0x7f, 0xff, 0xff, 0xe0, 0xc, 0xff, 0xff, 0xf9,
    0x3b, 0xbb, 0xbb, 0x70, 0x6, 0xbb, 0xbb, 0xb4,

    /* U+0023 "#" */
    0x0, 0x0, 0x8, 0xff, 0xfe, 0x10, 0x6, 0xff,
    0xff, 0x30, 0x0, 0x0, 0x0, 0xcf, 0xff, 0xf2,
    0x0, 0xaf, 0xff, 0xf4, 0x0, 0x0, 0x0, 0xe,
    0xff, 0xff, 0x0, 0xc, 0xff, 0xff, 0x20, 0x0,
    0x0, 0x0, 0xff, 0xff, 0xe0, 0x0, 0xef, 0xff,
    0xf0, 0x0, 0x0, 0xdf, 0xff, 0xff, 0xff, 0xff,
    0xff, 0xff, 0xff, 0xfd, 0x0, 0xf, 0xff, 0xff,
    0xff, 0xff, 0xff, 0xff, 0xff, 0xff, 0xf0, 0x0,
    0xff, 0xff, 0xff, 0xff, 0xff, 0xff, 0xff, 0xff,
    0xff, 0x0, 0xf, 0xff, 0xff, 0xff, 0xff, 0xff,
    0xff, 0xff, 0xff, 0xf0, 0x0, 0xef, 0xff, 0xff,
    0xff, 0xff, 0xff, 0xff, 0xff, 0xfe, 0x0, 0x0,
    0x1e, 0xff, 0xff, 0x21, 0x1c, 0xff, 0xff, 0x41,
    0x0, 0x0, 0x0, 0xff, 0xff, 0xe0, 0x0, 0xef,
    0xff, 0xf0, 0x0, 0x0, 0x0, 0x2f, 0xff, 0xfc,
    0x0, 0xf, 0xff, 0xfe, 0x0, 0x0, 0xd, 0xff,
    0xff, 0xff, 0xff, 0xff, 0xff, 0xff, 0xff, 0xd0,
    0x0, 0xff, 0xff, 0xff, 0xff, 0xff, 0xff, 0xff,
    0xff, 0xff, 0x0, 0xf, 0xff, 0xff, 0xff, 0xff,
    0xff, 0xff, 0xff, 0xff, 0xf0, 0x0, 0xff, 0xff,
    0xff, 0xff, 0xff, 0xff, 0xff, 0xff, 0xff, 0x0,
    0xe, 0xff, 0xff, 0xff, 0xff, 0xff, 0xff, 0xff,
    0xff, 0xe0, 0x0, 0x2, 0xff, 0xff, 0xf1, 0x11,
    0xef, 0xff, 0xf2, 0x10, 0x0, 0x0, 0x2f, 0xff,
    0xfd, 0x0, 0xf, 0xff, 0xfe, 0x0, 0x0, 0x0,
    0x4, 0xff, 0xff, 0xa0, 0x2, 0xff, 0xff, 0xc0,
    0x0, 0x0, 0x0, 0x3f, 0xff, 0xf6, 0x0, 0x1f,
    0xff, 0xf8, 0x0, 0x0, 0x0,

    /* U+0024 "$" */
    0x0, 0x0, 0x9, 0xff, 0xff, 0xf3, 0x0, 0x0,
    0x0, 0x0, 0x0, 0xbf, 0xff, 0xff, 0x50, 0x0,
    0x0, 0x0, 0x18, 0xdf, 0xff, 0xff, 0xff, 0xff,
    0xd0, 0x0, 0x3f, 0xff, 0xff, 0xff, 0xff, 0xff,
    0xff, 0x10, 0xe, 0xff, 0xff, 0xff, 0xff, 0xff,
    0xff, 0xf1, 0x5, 0xff, 0xff, 0xff, 0xff, 0xff,
    0xff, 0xff, 0x10, 0x8f, 0xff, 0xff, 0xff, 0xff,
    0xff, 0xff, 0xf0, 0x9, 0xff, 0xff, 0xff, 0x87,
    0x77, 0x77, 0x75, 0x0, 0x9f, 0xff, 0xff, 0xd0,
    0x0, 0x0, 0x0, 0x0, 0x9, 0xff, 0xff, 0xff,
    0xc9, 0x74, 0x20, 0x0, 0x0, 0x8f, 0xff, 0xff,
    0xff, 0xff, 0xff, 0xe9, 0x10, 0x7, 0xff, 0xff,
    0xff, 0xff, 0xff, 0xff, 0xfe, 0x20, 0x3f, 0xff,
    0xff, 0xff, 0xff, 0xff, 0xff, 0xfa, 0x0, 0x9f,
    0xff, 0xff, 0xff, 0xff, 0xff, 0xff, 0xf0, 0x0,
    0x5c, 0xff, 0xff, 0xff, 0xff, 0xff, 0xff, 0x0,
    0x0, 0x1, 0x36, 0x8a, 0xff, 0xff, 0xff, 0xf1,
    0x0, 0x0, 0x0, 0x0, 0x5, 0xff, 0xff, 0xff,
    0x11, 0x66, 0x66, 0x66, 0x66, 0xbf, 0xff, 0xff,
    0xf1, 0x8f, 0xff, 0xff, 0xff, 0xff, 0xff, 0xff,
    0xff, 0x9, 0xff, 0xff, 0xff, 0xff, 0xff, 0xff,
    0xff, 0xd0, 0x9f, 0xff, 0xff, 0xff, 0xff, 0xff,
    0xff, 0xf7, 0x9, 0xff, 0xff, 0xff, 0xff, 0xff,
    0xff, 0xfa, 0x0, 0x6f, 0xff, 0xff, 0xff, 0xff,
    0xfe, 0xb5, 0x0, 0x0, 0x0, 0x0, 0xbf, 0xff,
    0xff, 0x50, 0x0, 0x0, 0x0, 0x0, 0xb, 0xff,
    0xff, 0xf4, 0x0, 0x0, 0x0, 0x0, 0x0, 0x37,
    0x88, 0x86, 0x0, 0x0, 0x0,

    /* U+0025 "%" */
    0x3, 0xad, 0xff, 0xeb, 0x60, 0x0, 0x5, 0xff,
    0xff, 0x30, 0x0, 0x0, 0x0, 0x4, 0xff, 0xff,
    0xff, 0xff, 0x90, 0x0, 0xcf, 0xff, 0xf3, 0x0,
    0x0, 0x0, 0x0, 0xaf, 0xff, 0xff, 0xff, 0xff,
    0x0, 0xf, 0xff, 0xff, 0x0, 0x0, 0x0, 0x0,
    0xd, 0xff, 0xfe, 0xdf, 0xff, 0xf2, 0x3, 0xff,
    0xff, 0xb0, 0x0, 0x0, 0x0, 0x0, 0xdf, 0xff,
    0x40, 0xef, 0xff, 0x20, 0x7f, 0xff, 0xf7, 0x0,
    0x0, 0x0, 0x0, 0xd, 0xff, 0xf3, 0xe, 0xff,
    0xf2, 0xb, 0xff, 0xff, 0x30, 0x0, 0x0, 0x0,
    0x0, 0xdf, 0xff, 0x30, 0xef, 0xff, 0x20, 0xff,
    0xff, 0xf0, 0x0, 0x0, 0x0, 0x0, 0xd, 0xff,
    0xf3, 0xe, 0xff, 0xf2, 0x3f, 0xff, 0xfc, 0x0,
    0x0, 0x0, 0x0, 0x0, 0xdf, 0xff, 0x50, 0xff,
    0xff, 0x26, 0xff, 0xff, 0x80, 0x0, 0x0, 0x0,
    0x0, 0xc, 0xff, 0xff, 0xff, 0xff, 0xf1, 0xaf,
    0xff, 0xf4, 0x6, 0xbe, 0xff, 0xeb, 0x40, 0x8f,
    0xff, 0xff, 0xff, 0xfd, 0xe, 0xff, 0xff, 0x18,
    0xff, 0xff, 0xff, 0xff, 0x51, 0xcf, 0xff, 0xff,
    0xfe, 0x42, 0xff, 0xff, 0xd0, 0xff, 0xff, 0xff,
    0xff, 0xfc, 0x0, 0x37, 0x88, 0x75, 0x10, 0x6f,
    0xff, 0xf9, 0x1f, 0xff, 0xfa, 0xcf, 0xff, 0xe0,
    0x0, 0x0, 0x0, 0x0, 0x9, 0xff, 0xff, 0x51,
    0xff, 0xff, 0x2, 0xff, 0xfe, 0x0, 0x0, 0x0,
    0x0, 0x0, 0xdf, 0xff, 0xf1, 0x1f, 0xff, 0xf0,
    0x2f, 0xff, 0xe0, 0x0, 0x0, 0x0, 0x0, 0x1f,
    0xff, 0xfd, 0x1, 0xff, 0xff, 0x2, 0xff, 0xfe,
    0x0, 0x0, 0x0, 0x0, 0x5, 0xff, 0xff, 0xa0,
    0x1f, 0xff, 0xf0, 0x2f, 0xff, 0xe0, 0x0, 0x0,
    0x0, 0x0, 0x8f, 0xff, 0xf6, 0x1, 0xff, 0xff,
    0xdd, 0xff, 0xfe, 0x0, 0x0, 0x0, 0x0, 0xc,
    0xff, 0xff, 0x20, 0xf, 0xff, 0xff, 0xff, 0xff,
    0xc0, 0x0, 0x0, 0x0, 0x0, 0xff, 0xff, 0xe0,
    0x0, 0x8f, 0xff, 0xff, 0xff, 0xf5, 0x0, 0x0,
    0x0, 0x0, 0x1f, 0xff, 0xf8, 0x0, 0x0, 0x6b,
    0xef, 0xfe, 0xb4, 0x0,

    /* U+0026 "&" */
    0x0, 0x1, 0x8c, 0xff, 0xff, 0xff, 0xfe, 0x10,
    0x0, 0x0, 0x0, 0x1d, 0xff, 0xff, 0xff, 0xff,
    0xff, 0x30, 0x0, 0x0, 0x0, 0x9f, 0xff, 0xff,
    0xff, 0xff, 0xff, 0x30, 0x0, 0x0, 0x0, 0xff,
    0xff, 0xff, 0xff, 0xff, 0xff, 0x30, 0x0, 0x0,
    0x1, 0xff, 0xff, 0xff, 0xff, 0xff, 0xff, 0x20,
    0x0, 0x0, 0x1, 0xff, 0xff, 0xff, 0x85, 0x55,
    0x54, 0x0, 0x0, 0x0, 0x1, 0xff, 0xff, 0xff,
    0x0, 0x0, 0x0, 0x0, 0x0, 0x0, 0x0, 0xef,
    0xff, 0xff, 0x30, 0x0, 0x0, 0x0, 0x0, 0x0,
    0x0, 0x8f, 0xff, 0xff, 0xff, 0x50, 0x0, 0x0,
    0x0, 0x0, 0x0, 0x3d, 0xff, 0xff, 0xff, 0x80,
    0x2, 0x22, 0x22, 0x20, 0x9, 0xff, 0xff, 0xff,
    0xff, 0x80, 0x9f, 0xff, 0xff, 0xfa, 0x6f, 0xff,
    0xff, 0xff, 0xff, 0x80, 0xaf, 0xff, 0xff, 0xfc,
    0xcf, 0xff, 0xff, 0xff, 0xff, 0x50, 0xaf, 0xff,
    0xff, 0xfc, 0xef, 0xff, 0xff, 0x60, 0x0, 0x0,
    0xaf, 0xff, 0xff, 0xfc, 0xff, 0xff, 0xff, 0x30,
    0x0, 0x0, 0xbf, 0xff, 0xff, 0xf9, 0xff, 0xff,
    0xff, 0xa5, 0x55, 0x56, 0xff, 0xff, 0xff, 0x20,
    0xef, 0xff, 0xff, 0xff, 0xff, 0xff, 0xff, 0xff,
    0xff, 0x10, 0xcf, 0xff, 0xff, 0xff, 0xff, 0xff,
    0xff, 0xff, 0xff, 0x0, 0x6f, 0xff, 0xff, 0xff,
    0xff, 0xff, 0xff, 0xff, 0xfa, 0x0, 0xb, 0xff,
    0xff, 0xff, 0xff, 0xff, 0xff, 0xff, 0xe1, 0x0,
    0x0, 0x6c, 0xff, 0xff, 0xff, 0xff, 0xff, 0xd8,
    0x10, 0x0,

    /* U+0027 "'" */
    0x4f, 0xff, 0xff, 0xf4, 0x6f, 0xff, 0xff, 0xf6,
    0x6f, 0xff, 0xff, 0xf5, 0x5f, 0xff, 0xff, 0xf5,
    0x5f, 0xff, 0xff, 0xf4, 0x5f, 0xff, 0xff, 0xf4,
    0x4f, 0xff, 0xff, 0xf4, 0x4f, 0xff, 0xff, 0xf3,
    0x3f, 0xff, 0xff, 0xf3, 0x3f, 0xff, 0xff, 0xf2,
    0xa, 0xbb, 0xbb, 0xa0,

    /* U+0028 "(" */
    0x0, 0x6, 0xbe, 0xff, 0xf8, 0x2, 0xdf, 0xff,
    0xff, 0xfb, 0xd, 0xff, 0xff, 0xff, 0xfc, 0x4f,
    0xff, 0xff, 0xff, 0xfc, 0x8f, 0xff, 0xff, 0xff,
    0xfb, 0xaf, 0xff, 0xff, 0xf9, 0x83, 0xaf, 0xff,
    0xff, 0xc0, 0x0, 0xaf, 0xff, 0xff, 0xb0, 0x0,
    0xaf, 0xff, 0xff, 0xb0, 0x0, 0xaf, 0xff, 0xff,
    0xb0, 0x0, 0xaf, 0xff, 0xff, 0xb0, 0x0, 0xaf,
    0xff, 0xff, 0xb0, 0x0, 0xaf, 0xff, 0xff, 0xb0,
    0x0, 0xaf, 0xff, 0xff, 0xb0, 0x0, 0xaf, 0xff,
    0xff, 0xb0, 0x0, 0xaf, 0xff, 0xff, 0xb0, 0x0,
    0xaf, 0xff, 0xff, 0xb0, 0x0, 0xaf, 0xff, 0xff,
    0xb0, 0x0, 0xaf, 0xff, 0xff, 0xc0, 0x0, 0xaf,
    0xff, 0xff, 0xf8, 0x72, 0x8f, 0xff, 0xff, 0xff,
    0xfb, 0x4f, 0xff, 0xff, 0xff, 0xfc, 0xd, 0xff,
    0xff, 0xff, 0xfc, 0x2, 0xdf, 0xff, 0xff, 0xfb,
    0x0, 0x6, 0xbe, 0xff, 0xf8,

    /* U+0029 ")" */
    0x8f, 0xff, 0xeb, 0x60, 0x0, 0xbf, 0xff, 0xff,
    0xfd, 0x20, 0xbf, 0xff, 0xff, 0xff, 0xd0, 0xbf,
    0xff, 0xff, 0xff, 0xf4, 0xbf, 0xff, 0xff, 0xff,
    0xf8, 0x38, 0x9f, 0xff, 0xff, 0xfa, 0x0, 0xc,
    0xff, 0xff, 0xfa, 0x0, 0xb, 0xff, 0xff, 0xfa,
    0x0, 0xb, 0xff, 0xff, 0xfa, 0x0, 0xb, 0xff,
    0xff, 0xfa, 0x0, 0xb, 0xff, 0xff, 0xfa, 0x0,
    0xb, 0xff, 0xff, 0xfa, 0x0, 0xb, 0xff, 0xff,
    0xfa, 0x0, 0xb, 0xff, 0xff, 0xfa, 0x0, 0xb,
    0xff, 0xff, 0xfa, 0x0, 0xb, 0xff, 0xff, 0xfa,
    0x0, 0xb, 0xff, 0xff, 0xfa, 0x0, 0xb, 0xff,
    0xff, 0xfa, 0x0, 0xc, 0xff, 0xff, 0xfa, 0x27,
    0x8f, 0xff, 0xff, 0xfa, 0xbf, 0xff, 0xff, 0xff,
    0xf8, 0xbf, 0xff, 0xff, 0xff, 0xf4, 0xbf, 0xff,
    0xff, 0xff, 0xd0, 0xbf, 0xff, 0xff, 0xfd, 0x20,
    0x8f, 0xff, 0xeb, 0x60, 0x0,

    /* U+002A "*" */
    0x0, 0x0, 0x0, 0x7f, 0xff, 0xfa, 0x0, 0x0,
    0x0, 0x0, 0x0, 0x0, 0x7f, 0xff, 0xfa, 0x0,
    0x0, 0x0, 0x0, 0x0, 0x0, 0x5f, 0xff, 0xf8,
    0x0, 0x0, 0x0, 0x0, 0x83, 0x0, 0x3f, 0xff,
    0xf6, 0x0, 0x28, 0x0, 0x5, 0xff, 0xc4, 0xf,
    0xff, 0xf3, 0x3b, 0xff, 0x60, 0xa, 0xff, 0xff,
    0xdf, 0xff, 0xfc, 0xff, 0xff, 0xb0, 0xf, 0xff,
    0xff, 0xff, 0xff, 0xff, 0xff, 0xff, 0xf1, 0x4f,
    0xff, 0xff, 0xff, 0xff, 0xff, 0xff, 0xff, 0xf6,
    0x2b, 0xef, 0xff, 0xff, 0xff, 0xff, 0xff, 0xfe,
    0xb3, 0x0, 0x0, 0x3a, 0xff, 0xff, 0xff, 0xb3,
    0x10, 0x0, 0x0, 0x0, 0x3f, 0xff, 0xff, 0xff,
    0xf4, 0x0, 0x0, 0x0, 0x3, 0xff, 0xff, 0xff,
    0xff, 0xff, 0x40, 0x0, 0x0, 0x2e, 0xff, 0xff,
    0xb9, 0xff, 0xff, 0xf3, 0x0, 0x0, 0x9f, 0xff,
    0xff, 0x31, 0xff, 0xff, 0xfb, 0x0, 0x0, 0x1b,
    0xff, 0xfb, 0x0, 0x9f, 0xff, 0xc1, 0x0, 0x0,
    0x0, 0x7f, 0xf3, 0x0, 0x1f, 0xf8, 0x0, 0x0,
    0x0, 0x0, 0x2, 0x50, 0x0, 0x4, 0x30, 0x0,
    0x0,

    /* U+002B "+" */
    0x0, 0x0, 0x0, 0x4f, 0xff, 0xfc, 0x0, 0x0,
    0x0, 0x0, 0x0, 0x0, 0x7f, 0xff, 0xff, 0x0,
    0x0, 0x0, 0x0, 0x0, 0x0, 0x7f, 0xff, 0xff,
    0x0, 0x0, 0x0, 0x0, 0x0, 0x0, 0x7f, 0xff,
    0xff, 0x0, 0x0, 0x0, 0x0, 0x0, 0x0, 0x7f,
    0xff, 0xff, 0x0, 0x0, 0x0, 0x0, 0x0, 0x0,
    0x7f, 0xff, 0xff, 0x0, 0x0, 0x0, 0xd, 0xff,
    0xff, 0xff, 0xff, 0xff, 0xff, 0xff, 0xf6, 0xf,
    0xff, 0xff, 0xff, 0xff, 0xff, 0xff, 0xff, 0xf9,
    0xf, 0xff, 0xff, 0xff, 0xff, 0xff, 0xff, 0xff,
    0xf9, 0xf, 0xff, 0xff, 0xff, 0xff, 0xff, 0xff,
    0xff, 0xf9, 0xf, 0xff, 0xff, 0xff, 0xff, 0xff,
    0xff, 0xff, 0xf8, 0x2, 0x55, 0x55, 0xaf, 0xff,
    0xff, 0x55, 0x55, 0x40, 0x0, 0x0, 0x0, 0x7f,
    0xff, 0xff, 0x0, 0x0, 0x0, 0x0, 0x0, 0x0,
    0x7f, 0xff, 0xff, 0x0, 0x0, 0x0, 0x0, 0x0,
    0x0, 0x7f, 0xff, 0xff, 0x0, 0x0, 0x0, 0x0,
    0x0, 0x0, 0x7f, 0xff, 0xff, 0x0, 0x0, 0x0,
    0x0, 0x0, 0x0, 0x4f, 0xff, 0xfc, 0x0, 0x0,
    0x0,

    /* U+002C "," */
    0x4f, 0xff, 0xff, 0xfe, 0x17, 0xff, 0xff, 0xff,
    0xf3, 0x7f, 0xff, 0xff, 0xff, 0x37, 0xff, 0xff,
    0xff, 0xf3, 0x7f, 0xff, 0xff, 0xff, 0x36, 0xff,
    0xff, 0xff, 0xf3, 0x4, 0x44, 0x9f, 0xff, 0x30,
    0x13, 0x3b, 0xff, 0xf2, 0xf, 0xff, 0xff, 0xfe,
    0x1, 0xff, 0xff, 0xff, 0x60, 0xe, 0xff, 0xfc,
    0x50, 0x0,

    /* U+002D "-" */
    0x9e, 0xee, 0xee, 0xee, 0xe6, 0xdf, 0xff, 0xff,
    0xff, 0xfa, 0xef, 0xff, 0xff, 0xff, 0xfa, 0xef,
    0xff, 0xff, 0xff, 0xfa, 0xdf, 0xff, 0xff, 0xff,
    0xfa, 0xaf, 0xff, 0xff, 0xff, 0xf7,

    /* U+002E "." */
    0x3d, 0xdd, 0xdd, 0xdc, 0x17, 0xff, 0xff, 0xff,
    0xf3, 0x7f, 0xff, 0xff, 0xff, 0x37, 0xff, 0xff,
    0xff, 0xf3, 0x7f, 0xff, 0xff, 0xff, 0x37, 0xff,
    0xff, 0xff, 0xf3, 0x7f, 0xff, 0xff, 0xff, 0x34,
    0xff, 0xff, 0xff, 0xe1,

    /* U+002F "/" */
    0x0, 0x2, 0xbb, 0xbb, 0xb4, 0x0, 0x8, 0xff,
    0xff, 0xf8, 0x0, 0xa, 0xff, 0xff, 0xf6, 0x0,
    0xd, 0xff, 0xff, 0xf4, 0x0, 0xf, 0xff, 0xff,
    0xf1, 0x0, 0x1f, 0xff, 0xff, 0xf0, 0x0, 0x3f,
    0xff, 0xff, 0xd0, 0x0, 0x6f, 0xff, 0xff, 0xb0,
    0x0, 0x8f, 0xff, 0xff, 0x80, 0x0, 0xaf, 0xff,
    0xff, 0x60, 0x0, 0xcf, 0xff, 0xff, 0x40, 0x0,
    0xff, 0xff, 0xff, 0x20, 0x1, 0xff, 0xff, 0xff,
    0x0, 0x3, 0xff, 0xff, 0xfd, 0x0, 0x6, 0xff,
    0xff, 0xfb, 0x0, 0x8, 0xff, 0xff, 0xf9, 0x0,
    0xa, 0xff, 0xff, 0xf6, 0x0, 0xc, 0xff, 0xff,
    0xf4, 0x0, 0xf, 0xff, 0xff, 0xf2, 0x0, 0x1f,
    0xff, 0xff, 0xf0, 0x0, 0x3f, 0xff, 0xff, 0xd0,
    0x0, 0x5f, 0xff, 0xff, 0xb0, 0x0, 0x8f, 0xff,
    0xff, 0x90, 0x0, 0xaf, 0xff, 0xff, 0x60, 0x0,
    0xcf, 0xff, 0xff, 0x40, 0x0, 0xbf, 0xff, 0xfe,
    0x10, 0x0,

    /* U+0030 "0" */
    0x0, 0x1, 0x6a, 0xde, 0xff, 0xfe, 0xb8, 0x30,
    0x0, 0x0, 0x7f, 0xff, 0xff, 0xff, 0xff, 0xff,
    0xfb, 0x10, 0x7, 0xff, 0xff, 0xff, 0xff, 0xff,
    0xff, 0xff, 0xd0, 0xf, 0xff, 0xff, 0xff, 0xff,
    0xff, 0xff, 0xff, 0xf5, 0x4f, 0xff, 0xff, 0xff,
    0xff, 0xff, 0xff, 0xff, 0xf9, 0x5f, 0xff, 0xff,
    0xfd, 0x99, 0xbf, 0xff, 0xff, 0xfb, 0x6f, 0xff,
    0xff, 0xf1, 0x0, 0xa, 0xff, 0xff, 0xfb, 0x6f,
    0xff, 0xff, 0xf0, 0x0, 0x9, 0xff, 0xff, 0xfb,
    0x6f, 0xff, 0xff, 0xf0, 0x0, 0x9, 0xff, 0xff,
    0xfb, 0x6f, 0xff, 0xff, 0xf0, 0x0, 0x9, 0xff,
    0xff, 0xfb, 0x6f, 0xff, 0xff, 0xf0, 0x0, 0x9,
    0xff, 0xff, 0xfb, 0x6f, 0xff, 0xff, 0xf0, 0x0,
    0x9, 0xff, 0xff, 0xfb, 0x6f, 0xff, 0xff, 0xf0,
    0x0, 0x9, 0xff, 0xff, 0xfb, 0x6f, 0xff, 0xff,
    0xf0, 0x0, 0x9, 0xff, 0xff, 0xfb, 0x6f, 0xff,
    0xff, 0xf0, 0x0, 0xa, 0xff, 0xff, 0xfb, 0x5f,
    0xff, 0xff, 0xfd, 0x88, 0xaf, 0xff, 0xff, 0xfb,
    0x4f, 0xff, 0xff, 0xff, 0xff, 0xff, 0xff, 0xff,
    0xf9, 0xf, 0xff, 0xff, 0xff, 0xff, 0xff, 0xff,
    0xff, 0xf5, 0x8, 0xff, 0xff, 0xff, 0xff, 0xff,
    0xff, 0xff, 0xd0, 0x0, 0x8f, 0xff, 0xff, 0xff,
    0xff, 0xff, 0xfb, 0x10, 0x0, 0x1, 0x7b, 0xde,
    0xff, 0xfe, 0xb8, 0x30, 0x0,

    /* U+0031 "1" */
    0xd, 0xff, 0xff, 0xff, 0xff, 0xd0, 0x0, 0x1,
    0xff, 0xff, 0xff, 0xff, 0xff, 0x0, 0x0, 0x1f,
    0xff, 0xff, 0xff, 0xff, 0xf0, 0x0, 0x1, 0xff,
    0xff, 0xff, 0xff, 0xff, 0x0, 0x0, 0x1f, 0xff,
    0xff, 0xff, 0xff, 0xf0, 0x0, 0x0, 0x68, 0x8c,
    0xff, 0xff, 0xff, 0x0, 0x0, 0x0, 0x0, 0x8f,
    0xff, 0xff, 0xf0, 0x0, 0x0, 0x0, 0x8, 0xff,
    0xff, 0xff, 0x0, 0x0, 0x0, 0x0, 0x8f, 0xff,
    0xff, 0xf0, 0x0, 0x0, 0x0, 0x8, 0xff, 0xff,
    0xff, 0x0, 0x0, 0x0, 0x0, 0x8f, 0xff, 0xff,
    0xf0, 0x0, 0x0, 0x0, 0x8, 0xff, 0xff, 0xff,
    0x0, 0x0, 0x0, 0x0, 0x8f, 0xff, 0xff, 0xf0,
    0x0, 0x0, 0x0, 0x8, 0xff, 0xff, 0xff, 0x0,
    0x0, 0x0, 0x0, 0x8f, 0xff, 0xff, 0xf0, 0x0,
    0x2, 0x88, 0x8c, 0xff, 0xff, 0xff, 0x88, 0x83,
    0xaf, 0xff, 0xff, 0xff, 0xff, 0xff, 0xff, 0xba,
    0xff, 0xff, 0xff, 0xff, 0xff, 0xff, 0xfb, 0xaf,
    0xff, 0xff, 0xff, 0xff, 0xff, 0xff, 0xba, 0xff,
    0xff, 0xff, 0xff, 0xff, 0xff, 0xfb, 0x7f, 0xff,
    0xff, 0xff, 0xff, 0xff, 0xff, 0x80,

    /* U+0032 "2" */
    0x9, 0xff, 0xff, 0xff, 0xff, 0xfe, 0xa3, 0x0,
    0xc, 0xff, 0xff, 0xff, 0xff, 0xff, 0xff, 0x40,
    0xd, 0xff, 0xff, 0xff, 0xff, 0xff, 0xff, 0xe0,
    0xd, 0xff, 0xff, 0xff, 0xff, 0xff, 0xff, 0xf3,
    0xc, 0xff, 0xff, 0xff, 0xff, 0xff, 0xff, 0xf5,
    0x2, 0x66, 0x66, 0x66, 0x7f, 0xff, 0xff, 0xf6,
    0x0, 0x0, 0x0, 0x0, 0xf, 0xff, 0xff, 0xf6,
    0x0, 0x0, 0x0, 0x38, 0xef, 0xff, 0xff, 0xf5,
    0x0, 0x2, 0x8d, 0xff, 0xff, 0xff, 0xff, 0xf4,
    0x0, 0xaf, 0xff, 0xff, 0xff, 0xff, 0xff, 0xf1,
    0xc, 0xff, 0xff, 0xff, 0xff, 0xff, 0xff, 0x90,
    0x5f, 0xff, 0xff, 0xff, 0xff, 0xff, 0xf8, 0x0,
    0xaf, 0xff, 0xff, 0xff, 0xff, 0xf9, 0x20, 0x0,
    0xcf, 0xff, 0xff, 0xff, 0xa5, 0x0, 0x0, 0x0,
    0xdf, 0xff, 0xff, 0xa0, 0x0, 0x0, 0x0, 0x0,
    0xef, 0xff, 0xff, 0xa6, 0x66, 0x66, 0x66, 0x60,
    0xef, 0xff, 0xff, 0xff, 0xff, 0xff, 0xff, 0xf6,
    0xef, 0xff, 0xff, 0xff, 0xff, 0xff, 0xff, 0xf7,
    0xef, 0xff, 0xff, 0xff, 0xff, 0xff, 0xff, 0xf7,
    0xdf, 0xff, 0xff, 0xff, 0xff, 0xff, 0xff, 0xf7,
    0xaf, 0xff, 0xff, 0xff, 0xff, 0xff, 0xff, 0xf4,

    /* U+0033 "3" */
    0x7f, 0xff, 0xff, 0xff, 0xff, 0xd9, 0x10, 0x0,
    0x9f, 0xff, 0xff, 0xff, 0xff, 0xff, 0xd0, 0x0,
    0xaf, 0xff, 0xff, 0xff, 0xff, 0xff, 0xf7, 0x0,
    0xaf, 0xff, 0xff, 0xff, 0xff, 0xff, 0xfb, 0x0,
    0x9f, 0xff, 0xff, 0xff, 0xff, 0xff, 0xfc, 0x0,
    0x27, 0x77, 0x77, 0x7d, 0xff, 0xff, 0xfc, 0x0,
    0x0, 0x0, 0x0, 0x6, 0xff, 0xff, 0xfb, 0x0,
    0x0, 0x0, 0x0, 0x8, 0xff, 0xff, 0xf9, 0x0,
    0x0, 0x3f, 0xff, 0xff, 0xff, 0xff, 0xe1, 0x0,
    0x0, 0x5f, 0xff, 0xff, 0xff, 0xff, 0xc7, 0x0,
    0x0, 0x5f, 0xff, 0xff, 0xff, 0xff, 0xff, 0xd0,
    0x0, 0x5f, 0xff, 0xff, 0xff, 0xff, 0xff, 0xf5,
    0x0, 0x3f, 0xff, 0xff, 0xff, 0xff, 0xff, 0xf8,
    0x0, 0x1, 0x11, 0x11, 0x2b, 0xff, 0xff, 0xfa,
    0x0, 0x0, 0x0, 0x0, 0x8, 0xff, 0xff, 0xfa,
    0x16, 0x66, 0x66, 0x66, 0x6d, 0xff, 0xff, 0xfa,
    0x9f, 0xff, 0xff, 0xff, 0xff, 0xff, 0xff, 0xfa,
    0xaf, 0xff, 0xff, 0xff, 0xff, 0xff, 0xff, 0xf8,
    0xaf, 0xff, 0xff, 0xff, 0xff, 0xff, 0xff, 0xf2,
    0x9f, 0xff, 0xff, 0xff, 0xff, 0xff, 0xff, 0x70,
    0x7f, 0xff, 0xff, 0xff, 0xff, 0xfe, 0xa4, 0x0,

    /* U+0034 "4" */
    0x1e, 0xff, 0xff, 0xe0, 0x0, 0x3f, 0xff, 0xff,
    0xb3, 0xff, 0xff, 0xff, 0x10, 0x6, 0xff, 0xff,
    0xfe, 0x3f, 0xff, 0xff, 0xf2, 0x0, 0x6f, 0xff,
    0xff, 0xe3, 0xff, 0xff, 0xff, 0x20, 0x6, 0xff,
    0xff, 0xfe, 0x3f, 0xff, 0xff, 0xf2, 0x0, 0x6f,
    0xff, 0xff, 0xe3, 0xff, 0xff, 0xff, 0x20, 0x6,
    0xff, 0xff, 0xfe, 0x3f, 0xff, 0xff, 0xf2, 0x0,
    0x6f, 0xff, 0xff, 0xe3, 0xff, 0xff, 0xff, 0x20,
    0x6, 0xff, 0xff, 0xfe, 0x3f, 0xff, 0xff, 0xf2,
    0x0, 0x6f, 0xff, 0xff, 0xe3, 0xff, 0xff, 0xff,
    0x50, 0x6, 0xff, 0xff, 0xfe, 0x3f, 0xff, 0xff,
    0xff, 0xff, 0xff, 0xff, 0xff, 0xe3, 0xff, 0xff,
    0xff, 0xff, 0xff, 0xff, 0xff, 0xfe, 0x1f, 0xff,
    0xff, 0xff, 0xff, 0xff, 0xff, 0xff, 0xe0, 0xdf,
    0xff, 0xff, 0xff, 0xff, 0xff, 0xff, 0xfe, 0x4,
    0xff, 0xff, 0xff, 0xff, 0xff, 0xff, 0xff, 0xe0,
    0x3, 0xae, 0xff, 0xff, 0xff, 0xff, 0xff, 0xfe,
    0x0, 0x0, 0x0, 0x0, 0x0, 0x6f, 0xff, 0xff,
    0xe0, 0x0, 0x0, 0x0, 0x0, 0x6, 0xff, 0xff,
    0xfe, 0x0, 0x0, 0x0, 0x0, 0x0, 0x6f, 0xff,
    0xff, 0xe0, 0x0, 0x0, 0x0, 0x0, 0x6, 0xff,
    0xff, 0xfe, 0x0, 0x0, 0x0, 0x0, 0x0, 0x3f,
    0xff, 0xff, 0xb0,

    /* U+0035 "5" */
    0x1e, 0xff, 0xff, 0xff, 0xff, 0xff, 0xff, 0xb0,
    0x2f, 0xff, 0xff, 0xff, 0xff, 0xff, 0xff, 0xe0,
    0x3f, 0xff, 0xff, 0xff, 0xff, 0xff, 0xff, 0xe0,
    0x3f, 0xff, 0xff, 0xff, 0xff, 0xff, 0xff, 0xe0,
    0x3f, 0xff, 0xff, 0xff, 0xff, 0xff, 0xff, 0xe0,
    0x3f, 0xff, 0xff, 0xf8, 0x77, 0x77, 0x77, 0x40,
    0x3f, 0xff, 0xff, 0xf2, 0x0, 0x0, 0x0, 0x0,
    0x3f, 0xff, 0xff, 0xf8, 0x77, 0x76, 0x40, 0x0,
    0x3f, 0xff, 0xff, 0xff, 0xff, 0xff, 0xfe, 0x50,
    0x3f, 0xff, 0xff, 0xff, 0xff, 0xff, 0xff, 0xf3,
    0x3f, 0xff, 0xff, 0xff, 0xff, 0xff, 0xff, 0xfa,
    0x2f, 0xff, 0xff, 0xff, 0xff, 0xff, 0xff, 0xfd,
    0x1e, 0xff, 0xff, 0xff, 0xff, 0xff, 0xff, 0xfe,
    0x0, 0x0, 0x0, 0x0, 0x9, 0xff, 0xff, 0xfe,
    0x0, 0x0, 0x0, 0x0, 0x7, 0xff, 0xff, 0xfe,
    0x6, 0x66, 0x66, 0x66, 0x6c, 0xff, 0xff, 0xfe,
    0x6f, 0xff, 0xff, 0xff, 0xff, 0xff, 0xff, 0xfe,
    0x7f, 0xff, 0xff, 0xff, 0xff, 0xff, 0xff, 0xfb,
    0x7f, 0xff, 0xff, 0xff, 0xff, 0xff, 0xff, 0xf5,
    0x7f, 0xff, 0xff, 0xff, 0xff, 0xff, 0xff, 0x90,
    0x4f, 0xff, 0xff, 0xff, 0xff, 0xfe, 0xb5, 0x0,

    /* U+0036 "6" */
    0x0, 0x4, 0xad, 0xff, 0xff, 0xff, 0xff, 0xc0,
    0x0, 0x0, 0xaf, 0xff, 0xff, 0xff, 0xff, 0xff,
    0xf0, 0x0, 0x8, 0xff, 0xff, 0xff, 0xff, 0xff,
    0xff, 0xf0, 0x0, 0xf, 0xff, 0xff, 0xff, 0xff,
    0xff, 0xff, 0xf0, 0x0, 0x3f, 0xff, 0xff, 0xff,
    0xff, 0xff, 0xff, 0xe0, 0x0, 0x5f, 0xff, 0xff,
    0xfb, 0x77, 0x77, 0x76, 0x40, 0x0, 0x6f, 0xff,
    0xff, 0xf0, 0x0, 0x0, 0x0, 0x0, 0x0, 0x6f,
    0xff, 0xff, 0xf6, 0x9a, 0xba, 0x96, 0x10, 0x0,
    0x6f, 0xff, 0xff, 0xff, 0xff, 0xff, 0xff, 0xf8,
    0x0, 0x6f, 0xff, 0xff, 0xff, 0xff, 0xff, 0xff,
    0xff, 0x60, 0x6f, 0xff, 0xff, 0xff, 0xff, 0xff,
    0xff, 0xff, 0xd0, 0x6f, 0xff, 0xff, 0xff, 0xff,
    0xff, 0xff, 0xff, 0xf0, 0x6f, 0xff, 0xff, 0xf4,
    0x0, 0x8f, 0xff, 0xff, 0xf1, 0x6f, 0xff, 0xff,
    0xf0, 0x0, 0x3f, 0xff, 0xff, 0xf1, 0x6f, 0xff,
    0xff, 0xf0, 0x0, 0x3f, 0xff, 0xff, 0xf1, 0x5f,
    0xff, 0xff, 0xf6, 0x33, 0xaf, 0xff, 0xff, 0xf0,
    0x4f, 0xff, 0xff, 0xff, 0xff, 0xff, 0xff, 0xff,
    0xf0, 0x1f, 0xff, 0xff, 0xff, 0xff, 0xff, 0xff,
    0xff, 0xb0, 0x8, 0xff, 0xff, 0xff, 0xff, 0xff,
    0xff, 0xff, 0x40, 0x0, 0x9f, 0xff, 0xff, 0xff,
    0xff, 0xff, 0xf6, 0x0, 0x0, 0x2, 0x7b, 0xde,
    0xff, 0xfd, 0xb7, 0x10, 0x0,

    /* U+0037 "7" */
    0xbf, 0xff, 0xff, 0xff, 0xff, 0xff, 0xff, 0xd0,
    0xef, 0xff, 0xff, 0xff, 0xff, 0xff, 0xff, 0xf1,
    0xff, 0xff, 0xff, 0xff, 0xff, 0xff, 0xff, 0xf1,
    0xff, 0xff, 0xff, 0xff, 0xff, 0xff, 0xff, 0xf1,
    0xef, 0xff, 0xff, 0xff, 0xff, 0xff, 0xff, 0xf1,
    0x48, 0x88, 0x88, 0x88, 0xaf, 0xff, 0xff, 0xf1,
    0x0, 0x0, 0x0, 0x0, 0x4f, 0xff, 0xff, 0xf1,
    0x0, 0x0, 0x0, 0x0, 0x4f, 0xff, 0xff, 0xf1,
    0x0, 0x0, 0x0, 0x37, 0xcf, 0xff, 0xff, 0xf1,
    0x0, 0x0, 0x5d, 0xff, 0xff, 0xff, 0xff, 0xf0,
    0x0, 0xa, 0xff, 0xff, 0xff, 0xff, 0xff, 0xd0,
    0x0, 0x5f, 0xff, 0xff, 0xff, 0xff, 0xff, 0x80,
    0x0, 0xaf, 0xff, 0xff, 0xff, 0xff, 0xfc, 0x0,
    0x0, 0xdf, 0xff, 0xff, 0xff, 0xfe, 0x70, 0x0,
    0x0, 0xef, 0xff, 0xff, 0xe8, 0x30, 0x0, 0x0,
    0x0, 0xef, 0xff, 0xff, 0xa0, 0x0, 0x0, 0x0,
    0x0, 0xef, 0xff, 0xff, 0xa0, 0x0, 0x0, 0x0,
    0x0, 0xef, 0xff, 0xff, 0xa0, 0x0, 0x0, 0x0,
    0x0, 0xef, 0xff, 0xff, 0xa0, 0x0, 0x0, 0x0,
    0x0, 0xef, 0xff, 0xff, 0xa0, 0x0, 0x0, 0x0,
    0x0, 0xbf, 0xff, 0xff, 0x70, 0x0, 0x0, 0x0,

    /* U+0038 "8" */
    0x0, 0x0, 0x6b, 0xdf, 0xff, 0xfd, 0xb6, 0x0,
    0x0, 0x0, 0x3e, 0xff, 0xff, 0xff, 0xff, 0xff,
    0xe2, 0x0, 0x0, 0xef, 0xff, 0xff, 0xff, 0xff,
    0xff, 0xfd, 0x0, 0x4, 0xff, 0xff, 0xff, 0xff,
    0xff, 0xff, 0xff, 0x20, 0x5, 0xff, 0xff, 0xff,
    0xff, 0xff, 0xff, 0xff, 0x40, 0x5, 0xff, 0xff,
    0xf6, 0x0, 0x8f, 0xff, 0xff, 0x40, 0x5, 0xff,
    0xff, 0xf3, 0x0, 0x4f, 0xff, 0xff, 0x30, 0x1,
    0xff, 0xff, 0xf7, 0x0, 0x8f, 0xff, 0xff, 0x0,
    0x0, 0x5f, 0xff, 0xff, 0xff, 0xff, 0xff, 0xe4,
    0x0, 0x2, 0xcf, 0xff, 0xff, 0xff, 0xff, 0xff,
    0xfb, 0x10, 0xe, 0xff, 0xff, 0xff, 0xff, 0xff,
    0xff, 0xff, 0xd0, 0x6f, 0xff, 0xff, 0xff, 0xff,
    0xff, 0xff, 0xff, 0xf5, 0x9f, 0xff, 0xff, 0xf9,
    0x88, 0xaf, 0xff, 0xff, 0xf7, 0xaf, 0xff, 0xff,
    0x80, 0x0, 0xa, 0xff, 0xff, 0xf9, 0xbf, 0xff,
    0xff, 0x80, 0x0, 0x9, 0xff, 0xff, 0xf9, 0xbf,
    0xff, 0xff, 0xc1, 0x0, 0x2d, 0xff, 0xff, 0xf9,
    0xaf, 0xff, 0xff, 0xff, 0xff, 0xff, 0xff, 0xff,
    0xf8, 0x7f, 0xff, 0xff, 0xff, 0xff, 0xff, 0xff,
    0xff, 0xf5, 0x1e, 0xff, 0xff, 0xff, 0xff, 0xff,
    0xff, 0xff, 0xd0, 0x3, 0xdf, 0xff, 0xff, 0xff,
    0xff, 0xff, 0xfc, 0x20, 0x0, 0x4, 0x9c, 0xef,
    0xff, 0xfe, 0xc9, 0x40, 0x0,

    /* U+0039 "9" */
    0x0, 0x4, 0x9c, 0xef, 0xff, 0xec, 0x94, 0x0,
    0x0, 0x1c, 0xff, 0xff, 0xff, 0xff, 0xff, 0xfc,
    0x20, 0xd, 0xff, 0xff, 0xff, 0xff, 0xff, 0xff,
    0xfe, 0x4, 0xff, 0xff, 0xff, 0xff, 0xff, 0xff,
    0xff, 0xf6, 0x8f, 0xff, 0xff, 0xff, 0xff, 0xff,
    0xff, 0xff, 0xaa, 0xff, 0xff, 0xfe, 0x43, 0x4d,
    0xff, 0xff, 0xfc, 0xbf, 0xff, 0xff, 0xa0, 0x0,
    0x8f, 0xff, 0xff, 0xcb, 0xff, 0xff, 0xfa, 0x0,
    0x8, 0xff, 0xff, 0xfc, 0xaf, 0xff, 0xff, 0xd1,
    0x1, 0xcf, 0xff, 0xff, 0xc9, 0xff, 0xff, 0xff,
    0xff, 0xff, 0xff, 0xff, 0xfc, 0x6f, 0xff, 0xff,
    0xff, 0xff, 0xff, 0xff, 0xff, 0xc1, 0xef, 0xff,
    0xff, 0xff, 0xff, 0xff, 0xff, 0xfc, 0x3, 0xdf,
    0xff, 0xff, 0xff, 0xff, 0xff, 0xff, 0xc0, 0x0,
    0x58, 0xab, 0xba, 0x7b, 0xff, 0xff, 0xfc, 0x0,
    0x0, 0x0, 0x0, 0x0, 0xaf, 0xff, 0xff, 0xc0,
    0x1, 0x66, 0x66, 0x66, 0x8f, 0xff, 0xff, 0xfb,
    0x0, 0x8f, 0xff, 0xff, 0xff, 0xff, 0xff, 0xff,
    0xa0, 0x9, 0xff, 0xff, 0xff, 0xff, 0xff, 0xff,
    0xf6, 0x0, 0x9f, 0xff, 0xff, 0xff, 0xff, 0xff,
    0xfe, 0x0, 0x8, 0xff, 0xff, 0xff, 0xff, 0xff,
    0xfe, 0x30, 0x0, 0x6f, 0xff, 0xff, 0xff, 0xfe,
    0xc7, 0x10, 0x0,

    /* U+003A ":" */
    0x4f, 0xff, 0xff, 0xfe, 0x17, 0xff, 0xff, 0xff,
    0xf3, 0x7f, 0xff, 0xff, 0xff, 0x37, 0xff, 0xff,
    0xff, 0xf3, 0x7f, 0xff, 0xff, 0xff, 0x37, 0xff,
    0xff, 0xff, 0xf3, 0x7f, 0xff, 0xff, 0xff, 0x33,
    0xdd, 0xdd, 0xdd, 0xc1, 0x0, 0x0, 0x0, 0x0,
    0x0, 0x0, 0x0, 0x0, 0x0, 0x3d, 0xdd, 0xdd,
    0xdc, 0x17, 0xff, 0xff, 0xff, 0xf3, 0x7f, 0xff,
    0xff, 0xff, 0x37, 0xff, 0xff, 0xff, 0xf3, 0x7f,
    0xff, 0xff, 0xff, 0x37, 0xff, 0xff, 0xff, 0xf3,
    0x7f, 0xff, 0xff, 0xff, 0x34, 0xff, 0xff, 0xff,
    0xe1,

    /* U+003B ";" */
    0x3d, 0xdd, 0xdd, 0xdc, 0x17, 0xff, 0xff, 0xff,
    0xf3, 0x7f, 0xff, 0xff, 0xff, 0x37, 0xff, 0xff,
    0xff, 0xf3, 0x7f, 0xff, 0xff, 0xff, 0x37, 0xff,
    0xff, 0xff, 0xf3, 0x7f, 0xff, 0xff, 0xff, 0x34,
    0xff, 0xff, 0xff, 0xe1, 0x0, 0x0, 0x0, 0x0,
    0x0, 0x0, 0x0, 0x0, 0x0, 0x4f, 0xff, 0xff,
    0xfe, 0x17, 0xff, 0xff, 0xff, 0xf3, 0x7f, 0xff,
    0xff, 0xff, 0x37, 0xff, 0xff, 0xff, 0xf3, 0x7f,
    0xff, 0xff, 0xff, 0x36, 0xff, 0xff, 0xff, 0xf3,
    0x4, 0x44, 0x9f, 0xff, 0x30, 0x13, 0x3b, 0xff,
    0xf2, 0xf, 0xff, 0xff, 0xfe, 0x1, 0xff, 0xff,
    0xff, 0x60, 0xe, 0xff, 0xfc, 0x50, 0x0,

    /* U+003C "<" */
    0x0, 0x0, 0x0, 0x0, 0x0, 0x0, 0x0, 0x0,
    0x0, 0x0, 0x0, 0x0, 0x0, 0x0, 0x48, 0xc4,
    0x0, 0x0, 0x0, 0x0, 0x16, 0xaf, 0xff, 0xf7,
    0x0, 0x0, 0x3, 0x8c, 0xff, 0xff, 0xff, 0xf7,
    0x0, 0x39, 0xef, 0xff, 0xff, 0xff, 0xff, 0xf7,
    0x9, 0xff, 0xff, 0xff, 0xff, 0xff, 0xff, 0xf7,
    0x5f, 0xff, 0xff, 0xff, 0xff, 0xff, 0xff, 0xf4,
    0xaf, 0xff, 0xff, 0xff, 0xff, 0xfd, 0x84, 0x0,
    0xbf, 0xff, 0xff, 0xfe, 0xa5, 0x10, 0x0, 0x0,
    0xcf, 0xff, 0xff, 0x30, 0x0, 0x0, 0x0, 0x0,
    0xcf, 0xff, 0xff, 0xb6, 0x20, 0x0, 0x0, 0x0,
    0xbf, 0xff, 0xff, 0xff, 0xfe, 0x95, 0x10, 0x0,
    0x8f, 0xff, 0xff, 0xff, 0xff, 0xff, 0xfc, 0x81,
    0x1e, 0xff, 0xff, 0xff, 0xff, 0xff, 0xff, 0xf7,
    0x2, 0xbf, 0xff, 0xff, 0xff, 0xff, 0xff, 0xf7,
    0x0, 0x1, 0x6b, 0xff, 0xff, 0xff, 0xff, 0xf7,
    0x0, 0x0, 0x0, 0x4, 0x9d, 0xff, 0xff, 0xf7,
    0x0, 0x0, 0x0, 0x0, 0x0, 0x27, 0xbf, 0xf7,
    0x0, 0x0, 0x0, 0x0, 0x0, 0x0, 0x0, 0x41,

    /* U+003D "=" */
    0xd, 0xff, 0xff, 0xff, 0xff, 0xff, 0xff, 0xff,
    0xf6, 0xf, 0xff, 0xff, 0xff, 0xff, 0xff, 0xff,
    0xff, 0xf9, 0xf, 0xff, 0xff, 0xff, 0xff, 0xff,
    0xff, 0xff, 0xf9, 0xf, 0xff, 0xff, 0xff, 0xff,
    0xff, 0xff, 0xff, 0xf9, 0xf, 0xff, 0xff, 0xff,
    0xff, 0xff, 0xff, 0xff, 0xf8, 0x2, 0x55, 0x55,
    0x55, 0x55, 0x55, 0x55, 0x55, 0x40, 0x0, 0x0,
    0x0, 0x0, 0x0, 0x0, 0x0, 0x0, 0x0, 0x0,
    0x0, 0x0, 0x0, 0x0, 0x0, 0x0, 0x0, 0x0,
    0x2, 0x55, 0x55, 0x55, 0x55, 0x55, 0x55, 0x55,
    0x40, 0xf, 0xff, 0xff, 0xff, 0xff, 0xff, 0xff,
    0xff, 0xf8, 0xf, 0xff, 0xff, 0xff, 0xff, 0xff,
    0xff, 0xff, 0xf9, 0xf, 0xff, 0xff, 0xff, 0xff,
    0xff, 0xff, 0xff, 0xf9, 0xf, 0xff, 0xff, 0xff,
    0xff, 0xff, 0xff, 0xff, 0xf9, 0xd, 0xff, 0xff,
    0xff, 0xff, 0xff, 0xff, 0xff, 0xf6,

    /* U+003E ">" */
    0x0, 0x0, 0x0, 0x0, 0x0, 0x0, 0x0, 0x0,
    0x4c, 0x84, 0x0, 0x0, 0x0, 0x0, 0x0, 0x0,
    0x7f, 0xff, 0xfa, 0x61, 0x0, 0x0, 0x0, 0x0,
    0x7f, 0xff, 0xff, 0xff, 0xc8, 0x30, 0x0, 0x0,
    0x7f, 0xff, 0xff, 0xff, 0xff, 0xfe, 0x93, 0x0,
    0x7f, 0xff, 0xff, 0xff, 0xff, 0xff, 0xff, 0x90,
    0x4f, 0xff, 0xff, 0xff, 0xff, 0xff, 0xff, 0xf5,
    0x0, 0x48, 0xdf, 0xff, 0xff, 0xff, 0xff, 0xfa,
    0x0, 0x0, 0x1, 0x5a, 0xef, 0xff, 0xff, 0xfb,
    0x0, 0x0, 0x0, 0x0, 0x3, 0xff, 0xff, 0xfc,
    0x0, 0x0, 0x0, 0x2, 0x6b, 0xff, 0xff, 0xfb,
    0x0, 0x1, 0x59, 0xef, 0xff, 0xff, 0xff, 0xfb,
    0x18, 0xcf, 0xff, 0xff, 0xff, 0xff, 0xff, 0xf8,
    0x7f, 0xff, 0xff, 0xff, 0xff, 0xff, 0xff, 0xe1,
    0x7f, 0xff, 0xff, 0xff, 0xff, 0xff, 0xfb, 0x20,
    0x7f, 0xff, 0xff, 0xff, 0xff, 0xb6, 0x10, 0x0,
    0x7f, 0xff, 0xff, 0xd9, 0x40, 0x0, 0x0, 0x0,
    0x7f, 0xfb, 0x72, 0x0, 0x0, 0x0, 0x0, 0x0,
    0x14, 0x0, 0x0, 0x0, 0x0, 0x0, 0x0, 0x0,

    /* U+003F "?" */
    0x8f, 0xff, 0xff, 0xff, 0xff, 0xfe, 0xb5, 0x0,
    0xb, 0xff, 0xff, 0xff, 0xff, 0xff, 0xff, 0xfb,
    0x0, 0xbf, 0xff, 0xff, 0xff, 0xff, 0xff, 0xff,
    0xf8, 0xb, 0xff, 0xff, 0xff, 0xff, 0xff, 0xff,
    0xff, 0xe0, 0xbf, 0xff, 0xff, 0xff, 0xff, 0xff,
    0xff, 0xff, 0x13, 0x88, 0x88, 0x88, 0x88, 0xcf,
    0xff, 0xff, 0xf1, 0x0, 0x0, 0x0, 0x0, 0x5,
    0xff, 0xff, 0xff, 0x10, 0x0, 0x2, 0x47, 0x9b,
    0xff, 0xff, 0xff, 0xf1, 0x0, 0x5f, 0xff, 0xff,
    0xff, 0xff, 0xff, 0xff, 0x10, 0x7, 0xff, 0xff,
    0xff, 0xff, 0xff, 0xff, 0xf0, 0x0, 0x4f, 0xff,
    0xff, 0xff, 0xff, 0xff, 0xf9, 0x0, 0x2, 0xff,
    0xff, 0xff, 0xff, 0xff, 0xfb, 0x0, 0x0, 0xf,
    0xff, 0xff, 0xff, 0xfd, 0x94, 0x0, 0x0, 0x0,
    0x9c, 0xa8, 0x53, 0x10, 0x0, 0x0, 0x0, 0x0,
    0x0, 0x0, 0x0, 0x0, 0x0, 0x0, 0x0, 0x0,
    0x3, 0xcc, 0xcc, 0xcc, 0x50, 0x0, 0x0, 0x0,
    0x0, 0x7f, 0xff, 0xff, 0xfa, 0x0, 0x0, 0x0,
    0x0, 0x8, 0xff, 0xff, 0xff, 0xa0, 0x0, 0x0,
    0x0, 0x0, 0x8f, 0xff, 0xff, 0xfa, 0x0, 0x0,
    0x0, 0x0, 0x7, 0xff, 0xff, 0xff, 0xa0, 0x0,
    0x0, 0x0, 0x0, 0x5f, 0xff, 0xff, 0xf7, 0x0,
    0x0, 0x0, 0x0,

    /* U+0040 "@" */
    0x0, 0x0, 0x1, 0x57, 0x9a, 0xbb, 0xba, 0x86,
    0x20, 0x0, 0x0, 0x0, 0x3, 0xbf, 0xff, 0xff,
    0xff, 0xff, 0xff, 0xfc, 0x50, 0x0, 0x0, 0x7f,
    0xff, 0xff, 0xff, 0xff, 0xff, 0xff, 0xff, 0xfb,
    0x0, 0x5, 0xff, 0xfe, 0x84, 0x20, 0x0, 0x1,
    0x37, 0xcf, 0xff, 0x90, 0xd, 0xff, 0x90, 0x0,
    0x0, 0x0, 0x0, 0x0, 0x6, 0xff, 0xf1, 0x1f,
    0xfd, 0x0, 0x0, 0x0, 0x0, 0x0, 0x0, 0x0,
    0xaf, 0xf5, 0x4f, 0xf9, 0x0, 0x3, 0x89, 0xaa,
    0xaa, 0xaa, 0x80, 0x5f, 0xf8, 0x4f, 0xf7, 0x0,
    0xbf, 0xff, 0xff, 0xff, 0xff, 0xf0, 0x3f, 0xf9,
    0x5f, 0xf7, 0x7, 0xff, 0xff, 0xff, 0xff, 0xff,
    0xf1, 0x3f, 0xf9, 0x5f, 0xf7, 0xc, 0xff, 0xff,
    0xff, 0xff, 0xff, 0xf1, 0x3f, 0xf9, 0x5f, 0xf7,
    0xd, 0xff, 0xfd, 0x10, 0x8f, 0xff, 0xf1, 0x3f,
    0xf9, 0x5f, 0xf7, 0xe, 0xff, 0xfa, 0x0, 0x8f,
    0xff, 0xf1, 0x3f, 0xf9, 0x5f, 0xf7, 0xe, 0xff,
    0xfa, 0x0, 0x8f, 0xff, 0xf1, 0x3f, 0xf9, 0x5f,
    0xf7, 0xe, 0xff, 0xfa, 0x0, 0x8f, 0xff, 0xf1,
    0x3f, 0xf9, 0x5f, 0xf7, 0xe, 0xff, 0xfa, 0x0,
    0x8f, 0xff, 0xf1, 0x3f, 0xf9, 0x5f, 0xf7, 0xe,
    0xff, 0xfa, 0x0, 0x8f, 0xff, 0xf1, 0x3f, 0xf8,
    0x5f, 0xf7, 0xe, 0xff, 0xfd, 0x0, 0x8f, 0xff,
    0xf1, 0x6f, 0xf7, 0x5f, 0xf7, 0xc, 0xff, 0xff,
    0xff, 0xff, 0xff, 0xf6, 0xef, 0xf4, 0x5f, 0xf7,
    0x8, 0xff, 0xff, 0xff, 0xff, 0xff, 0xff, 0xff,
    0xd0, 0x4f, 0xf8, 0x1, 0xef, 0xff, 0xff, 0xff,
    0xff, 0xff, 0xfe, 0x30, 0x2f, 0xfc, 0x0, 0x18,
    0xcd, 0xee, 0xee, 0xee, 0xdb, 0x71, 0x0, 0xf,
    0xff, 0x50, 0x0, 0x0, 0x0, 0x0, 0x0, 0x0,
    0x0, 0x0, 0x8, 0xff, 0xfa, 0x40, 0x0, 0x0,
    0x0, 0x0, 0x0, 0x0, 0x0, 0x0, 0xcf, 0xff,
    0xff, 0xdc, 0xbb, 0xbb, 0xbb, 0xb2, 0x0, 0x0,
    0x0, 0x8, 0xff, 0xff, 0xff, 0xff, 0xff, 0xff,
    0xf6, 0x0, 0x0, 0x0, 0x0, 0x5, 0x9c, 0xef,
    0xff, 0xff, 0xff, 0xf4, 0x0, 0x0,

    /* U+0041 "A" */
    0x0, 0x0, 0x9f, 0xff, 0xff, 0xff, 0xfd, 0x20,
    0x0, 0x0, 0x2, 0xff, 0xff, 0xff, 0xff, 0xff,
    0x90, 0x0, 0x0, 0x8, 0xff, 0xff, 0xff, 0xff,
    0xff, 0xe0, 0x0, 0x0, 0xe, 0xff, 0xff, 0xff,
    0xff, 0xff, 0xf5, 0x0, 0x0, 0x4f, 0xff, 0xff,
    0xff, 0xff, 0xff, 0xfb, 0x0, 0x0, 0x9f, 0xff,
    0xff, 0xb9, 0xff, 0xff, 0xff, 0x10, 0x0, 0xff,
    0xff, 0xff, 0x10, 0xef, 0xff, 0xff, 0x70, 0x5,
    0xff, 0xff, 0xfd, 0x0, 0x9f, 0xff, 0xff, 0xc0,
    0xb, 0xff, 0xff, 0xf8, 0x0, 0x5f, 0xff, 0xff,
    0xf2, 0xf, 0xff, 0xff, 0xf4, 0x0, 0x1f, 0xff,
    0xff, 0xf7, 0x4f, 0xff, 0xff, 0xf3, 0x33, 0x3d,
    0xff, 0xff, 0xfb, 0x6f, 0xff, 0xff, 0xff, 0xff,
    0xff, 0xff, 0xff, 0xfd, 0x7f, 0xff, 0xff, 0xff,
    0xff, 0xff, 0xff, 0xff, 0xfe, 0x7f, 0xff, 0xff,
    0xff, 0xff, 0xff, 0xff, 0xff, 0xfe, 0x7f, 0xff,
    0xff, 0xff, 0xff, 0xff, 0xff, 0xff, 0xfe, 0x7f,
    0xff, 0xff, 0xff, 0xff, 0xff, 0xff, 0xff, 0xfe,
    0x7f, 0xff, 0xff, 0xa0, 0x0, 0x6, 0xff, 0xff,
    0xfe, 0x7f, 0xff, 0xff, 0xa0, 0x0, 0x6, 0xff,
    0xff, 0xfe, 0x7f, 0xff, 0xff, 0xa0, 0x0, 0x6,
    0xff, 0xff, 0xfe, 0x7f, 0xff, 0xff, 0xa0, 0x0,
    0x6, 0xff, 0xff, 0xfe, 0x4f, 0xff, 0xff, 0x70,
    0x0, 0x3, 0xff, 0xff, 0xfb,

    /* U+0042 "B" */
    0xd, 0xff, 0xff, 0xff, 0xff, 0xff, 0xd9, 0x20,
    0x0, 0x0, 0xff, 0xff, 0xff, 0xff, 0xff, 0xff,
    0xff, 0x40, 0x0, 0x1f, 0xff, 0xff, 0xff, 0xff,
    0xff, 0xff, 0xfd, 0x0, 0x1, 0xff, 0xff, 0xff,
    0xff, 0xff, 0xff, 0xff, 0xf2, 0x0, 0x1f, 0xff,
    0xff, 0xfe, 0xdd, 0xff, 0xff, 0xff, 0x30, 0x1,
    0xff, 0xff, 0xff, 0x30, 0x7, 0xff, 0xff, 0xf4,
    0x0, 0x1f, 0xff, 0xff, 0xf3, 0x0, 0x5f, 0xff,
    0xff, 0x30, 0x1, 0xff, 0xff, 0xff, 0x30, 0x5,
    0xff, 0xff, 0xf1, 0x0, 0x1f, 0xff, 0xff, 0xf8,
    0x66, 0xdf, 0xff, 0xfa, 0x0, 0x1, 0xff, 0xff,
    0xff, 0xff, 0xff, 0xff, 0xfe, 0x40, 0x0, 0x1f,
    0xff, 0xff, 0xff, 0xff, 0xff, 0xff, 0xff, 0xd1,
    0x1, 0xff, 0xff, 0xff, 0xff, 0xff, 0xff, 0xff,
    0xff, 0xb0, 0x1f, 0xff, 0xff, 0xff, 0xff, 0xff,
    0xff, 0xff, 0xff, 0x1, 0xff, 0xff, 0xff, 0x30,
    0x0, 0x4f, 0xff, 0xff, 0xf1, 0x1f, 0xff, 0xff,
    0xf3, 0x0, 0x1, 0xff, 0xff, 0xff, 0x21, 0xff,
    0xff, 0xff, 0x30, 0x0, 0x2f, 0xff, 0xff, 0xf2,
    0x1f, 0xff, 0xff, 0xfe, 0xdd, 0xdf, 0xff, 0xff,
    0xff, 0x11, 0xff, 0xff, 0xff, 0xff, 0xff, 0xff,
    0xff, 0xff, 0xf0, 0x1f, 0xff, 0xff, 0xff, 0xff,
    0xff, 0xff, 0xff, 0xfb, 0x0, 0xff, 0xff, 0xff,
    0xff, 0xff, 0xff, 0xff, 0xff, 0x30, 0xd, 0xff,
    0xff, 0xff, 0xff, 0xff, 0xff, 0xd9, 0x20, 0x0,

    /* U+0043 "C" */
    0x0, 0x4, 0x9d, 0xff, 0xff, 0xff, 0xff, 0xf3,
    0x0, 0xaf, 0xff, 0xff, 0xff, 0xff, 0xff, 0xf5,
    0x8, 0xff, 0xff, 0xff, 0xff, 0xff, 0xff, 0xf5,
    0xf, 0xff, 0xff, 0xff, 0xff, 0xff, 0xff, 0xf5,
    0x3f, 0xff, 0xff, 0xff, 0xff, 0xff, 0xff, 0xf5,
    0x5f, 0xff, 0xff, 0xfd, 0x88, 0x88, 0x88, 0x70,
    0x6f, 0xff, 0xff, 0xf2, 0x0, 0x0, 0x0, 0x0,
    0x6f, 0xff, 0xff, 0xf0, 0x0, 0x0, 0x0, 0x0,
    0x6f, 0xff, 0xff, 0xf0, 0x0, 0x0, 0x0, 0x0,
    0x6f, 0xff, 0xff, 0xf0, 0x0, 0x0, 0x0, 0x0,
    0x6f, 0xff, 0xff, 0xf0, 0x0, 0x0, 0x0, 0x0,
    0x6f, 0xff, 0xff, 0xf0, 0x0, 0x0, 0x0, 0x0,
    0x6f, 0xff, 0xff, 0xf0, 0x0, 0x0, 0x0, 0x0,
    0x6f, 0xff, 0xff, 0xf0, 0x0, 0x0, 0x0, 0x0,
    0x6f, 0xff, 0xff, 0xf1, 0x0, 0x0, 0x0, 0x0,
    0x5f, 0xff, 0xff, 0xfc, 0x77, 0x77, 0x77, 0x60,
    0x3f, 0xff, 0xff, 0xff, 0xff, 0xff, 0xff, 0xf5,
    0xf, 0xff, 0xff, 0xff, 0xff, 0xff, 0xff, 0xf5,
    0x8, 0xff, 0xff, 0xff, 0xff, 0xff, 0xff, 0xf5,
    0x0, 0xaf, 0xff, 0xff, 0xff, 0xff, 0xff, 0xf5,
    0x0, 0x4, 0xad, 0xff, 0xff, 0xff, 0xff, 0xf3,

    /* U+0044 "D" */
    0xd, 0xff, 0xff, 0xff, 0xff, 0xff, 0xed, 0x93,
    0x0, 0x0, 0xff, 0xff, 0xff, 0xff, 0xff, 0xff,
    0xff, 0xf8, 0x0, 0x1f, 0xff, 0xff, 0xff, 0xff,
    0xff, 0xff, 0xff, 0xf6, 0x1, 0xff, 0xff, 0xff,
    0xff, 0xff, 0xff, 0xff, 0xff, 0xe0, 0x1f, 0xff,
    0xff, 0xff, 0xff, 0xff, 0xff, 0xff, 0xff, 0x21,
    0xff, 0xff, 0xff, 0x97, 0x77, 0xcf, 0xff, 0xff,
    0xf3, 0x1f, 0xff, 0xff, 0xf4, 0x0, 0x2, 0xff,
    0xff, 0xff, 0x41, 0xff, 0xff, 0xff, 0x40, 0x0,
    0x1f, 0xff, 0xff, 0xf4, 0x1f, 0xff, 0xff, 0xf4,
    0x0, 0x1, 0xff, 0xff, 0xff, 0x41, 0xff, 0xff,
    0xff, 0x40, 0x0, 0x1f, 0xff, 0xff, 0xf4, 0x1f,
    0xff, 0xff, 0xf4, 0x0, 0x1, 0xff, 0xff, 0xff,
    0x41, 0xff, 0xff, 0xff, 0x40, 0x0, 0x1f, 0xff,
    0xff, 0xf4, 0x1f, 0xff, 0xff, 0xf4, 0x0, 0x1,
    0xff, 0xff, 0xff, 0x41, 0xff, 0xff, 0xff, 0x40,
    0x0, 0x1f, 0xff, 0xff, 0xf4, 0x1f, 0xff, 0xff,
    0xf4, 0x0, 0x1, 0xff, 0xff, 0xff, 0x41, 0xff,
    0xff, 0xff, 0x96, 0x66, 0xbf, 0xff, 0xff, 0xf3,
    0x1f, 0xff, 0xff, 0xff, 0xff, 0xff, 0xff, 0xff,
    0xff, 0x21, 0xff, 0xff, 0xff, 0xff, 0xff, 0xff,
    0xff, 0xff, 0xe0, 0x1f, 0xff, 0xff, 0xff, 0xff,
    0xff, 0xff, 0xff, 0xf6, 0x0, 0xff, 0xff, 0xff,
    0xff, 0xff, 0xff, 0xff, 0xf8, 0x0, 0xd, 0xff,
    0xff, 0xff, 0xff, 0xff, 0xfd, 0x93, 0x0, 0x0,

    /* U+0045 "E" */
    0xd, 0xff, 0xff, 0xff, 0xff, 0xff, 0xff, 0xfb,
    0xf, 0xff, 0xff, 0xff, 0xff, 0xff, 0xff, 0xfe,
    0x1f, 0xff, 0xff, 0xff, 0xff, 0xff, 0xff, 0xff,
    0x1f, 0xff, 0xff, 0xff, 0xff, 0xff, 0xff, 0xff,
    0x1f, 0xff, 0xff, 0xff, 0xff, 0xff, 0xff, 0xfe,
    0x1f, 0xff, 0xff, 0xf8, 0x66, 0x66, 0x66, 0x63,
    0x1f, 0xff, 0xff, 0xf3, 0x0, 0x0, 0x0, 0x0,
    0x1f, 0xff, 0xff, 0xf3, 0x0, 0x0, 0x0, 0x0,
    0x1f, 0xff, 0xff, 0xff, 0xff, 0xff, 0xf7, 0x0,
    0x1f, 0xff, 0xff, 0xff, 0xff, 0xff, 0xfa, 0x0,
    0x1f, 0xff, 0xff, 0xff, 0xff, 0xff, 0xfa, 0x0,
    0x1f, 0xff, 0xff, 0xff, 0xff, 0xff, 0xfa, 0x0,
    0x1f, 0xff, 0xff, 0xff, 0xff, 0xff, 0xf8, 0x0,
    0x1f, 0xff, 0xff, 0xf4, 0x11, 0x11, 0x10, 0x0,
    0x1f, 0xff, 0xff, 0xf3, 0x0, 0x0, 0x0, 0x0,
    0x1f, 0xff, 0xff, 0xf8, 0x66, 0x66, 0x66, 0x63,
    0x1f, 0xff, 0xff, 0xff, 0xff, 0xff, 0xff, 0xfe,
    0x1f, 0xff, 0xff, 0xff, 0xff, 0xff, 0xff, 0xff,
    0x1f, 0xff, 0xff, 0xff, 0xff, 0xff, 0xff, 0xff,
    0xf, 0xff, 0xff, 0xff, 0xff, 0xff, 0xff, 0xfe,
    0xd, 0xff, 0xff, 0xff, 0xff, 0xff, 0xff, 0xfb,

    /* U+0046 "F" */
    0xd, 0xff, 0xff, 0xff, 0xff, 0xff, 0xff, 0xf4,
    0xf, 0xff, 0xff, 0xff, 0xff, 0xff, 0xff, 0xf6,
    0x1f, 0xff, 0xff, 0xff, 0xff, 0xff, 0xff, 0xf7,
    0x1f, 0xff, 0xff, 0xff, 0xff, 0xff, 0xff, 0xf7,
    0x1f, 0xff, 0xff, 0xff, 0xff, 0xff, 0xff, 0xf6,
    0x1f, 0xff, 0xff, 0xf9, 0x77, 0x77, 0x77, 0x70,
    0x1f, 0xff, 0xff, 0xf4, 0x0, 0x0, 0x0, 0x0,
    0x1f, 0xff, 0xff, 0xf4, 0x0, 0x0, 0x0, 0x0,
    0x1f, 0xff, 0xff, 0xf4, 0x0, 0x0, 0x0, 0x0,
    0x1f, 0xff, 0xff, 0xff, 0xff, 0xff, 0xe1, 0x0,
    0x1f, 0xff, 0xff, 0xff, 0xff, 0xff, 0xf2, 0x0,
    0x1f, 0xff, 0xff, 0xff, 0xff, 0xff, 0xf2, 0x0,
    0x1f, 0xff, 0xff, 0xff, 0xff, 0xff, 0xf2, 0x0,
    0x1f, 0xff, 0xff, 0xff, 0xff, 0xff, 0xf2, 0x0,
    0x1f, 0xff, 0xff, 0xfa, 0x77, 0x77, 0x60, 0x0,
    0x1f, 0xff, 0xff, 0xf4, 0x0, 0x0, 0x0, 0x0,
    0x1f, 0xff, 0xff, 0xf4, 0x0, 0x0, 0x0, 0x0,
    0x1f, 0xff, 0xff, 0xf4, 0x0, 0x0, 0x0, 0x0,
    0x1f, 0xff, 0xff, 0xf4, 0x0, 0x0, 0x0, 0x0,
    0xf, 0xff, 0xff, 0xf4, 0x0, 0x0, 0x0, 0x0,
    0xd, 0xff, 0xff, 0xf2, 0x0, 0x0, 0x0, 0x0,

    /* U+0047 "G" */
    0x0, 0x4, 0x9d, 0xff, 0xff, 0xff, 0xff, 0xf5,
    0x0, 0x0, 0xaf, 0xff, 0xff, 0xff, 0xff, 0xff,
    0xf8, 0x0, 0x8, 0xff, 0xff, 0xff, 0xff, 0xff,
    0xff, 0xf8, 0x0, 0xf, 0xff, 0xff, 0xff, 0xff,
    0xff, 0xff, 0xf8, 0x0, 0x3f, 0xff, 0xff, 0xff,
    0xff, 0xff, 0xff, 0xf7, 0x0, 0x5f, 0xff, 0xff,
    0xfd, 0x88, 0x88, 0x88, 0x71, 0x0, 0x6f, 0xff,
    0xff, 0xf1, 0x0, 0x0, 0x0, 0x0, 0x0, 0x6f,
    0xff, 0xff, 0xf0, 0x0, 0x0, 0x0, 0x0, 0x0,
    0x6f, 0xff, 0xff, 0xf0, 0x0, 0x0, 0x0, 0x0,
    0x0, 0x6f, 0xff, 0xff, 0xf0, 0x0, 0x0, 0x22,
    0x22, 0x10, 0x6f, 0xff, 0xff, 0xf0, 0x0, 0xe,
    0xff, 0xff, 0xf3, 0x6f, 0xff, 0xff, 0xf0, 0x0,
    0xf, 0xff, 0xff, 0xf5, 0x6f, 0xff, 0xff, 0xf0,
    0x0, 0xf, 0xff, 0xff, 0xf5, 0x6f, 0xff, 0xff,
    0xf0, 0x0, 0xf, 0xff, 0xff, 0xf5, 0x6f, 0xff,
    0xff, 0xf0, 0x0, 0xf, 0xff, 0xff, 0xf5, 0x5f,
    0xff, 0xff, 0xfa, 0x66, 0x6f, 0xff, 0xff, 0xf5,
    0x3f, 0xff, 0xff, 0xff, 0xff, 0xff, 0xff, 0xff,
    0xf5, 0xf, 0xff, 0xff, 0xff, 0xff, 0xff, 0xff,
    0xff, 0xf5, 0x8, 0xff, 0xff, 0xff, 0xff, 0xff,
    0xff, 0xff, 0xf5, 0x0, 0xaf, 0xff, 0xff, 0xff,
    0xff, 0xff, 0xff, 0xf5, 0x0, 0x4, 0xad, 0xff,
    0xff, 0xff, 0xff, 0xff, 0xf3,

    /* U+0048 "H" */
    0xd, 0xff, 0xff, 0xe2, 0x0, 0x0, 0xdf, 0xff,
    0xff, 0x20, 0xff, 0xff, 0xff, 0x40, 0x0, 0xf,
    0xff, 0xff, 0xf4, 0x1f, 0xff, 0xff, 0xf4, 0x0,
    0x0, 0xff, 0xff, 0xff, 0x51, 0xff, 0xff, 0xff,
    0x40, 0x0, 0xf, 0xff, 0xff, 0xf5, 0x1f, 0xff,
    0xff, 0xf4, 0x0, 0x0, 0xff, 0xff, 0xff, 0x51,
    0xff, 0xff, 0xff, 0x40, 0x0, 0xf, 0xff, 0xff,
    0xf5, 0x1f, 0xff, 0xff, 0xf4, 0x0, 0x0, 0xff,
    0xff, 0xff, 0x51, 0xff, 0xff, 0xff, 0x40, 0x0,
    0xf, 0xff, 0xff, 0xf5, 0x1f, 0xff, 0xff, 0xff,
    0xff, 0xff, 0xff, 0xff, 0xff, 0x51, 0xff, 0xff,
    0xff, 0xff, 0xff, 0xff, 0xff, 0xff, 0xf5, 0x1f,
    0xff, 0xff, 0xff, 0xff, 0xff, 0xff, 0xff, 0xff,
    0x51, 0xff, 0xff, 0xff, 0xff, 0xff, 0xff, 0xff,
    0xff, 0xf5, 0x1f, 0xff, 0xff, 0xff, 0xff, 0xff,
    0xff, 0xff, 0xff, 0x51, 0xff, 0xff, 0xff, 0xff,
    0xff, 0xff, 0xff, 0xff, 0xf5, 0x1f, 0xff, 0xff,
    0xf4, 0x0, 0x0, 0xff, 0xff, 0xff, 0x51, 0xff,
    0xff, 0xff, 0x40, 0x0, 0xf, 0xff, 0xff, 0xf5,
    0x1f, 0xff, 0xff, 0xf4, 0x0, 0x0, 0xff, 0xff,
    0xff, 0x51, 0xff, 0xff, 0xff, 0x40, 0x0, 0xf,
    0xff, 0xff, 0xf5, 0x1f, 0xff, 0xff, 0xf4, 0x0,
    0x0, 0xff, 0xff, 0xff, 0x50, 0xff, 0xff, 0xff,
    0x40, 0x0, 0xf, 0xff, 0xff, 0xf4, 0xd, 0xff,
    0xff, 0xe1, 0x0, 0x0, 0xcf, 0xff, 0xff, 0x20,

    /* U+0049 "I" */
    0x5f, 0xff, 0xff, 0xff, 0xff, 0xff, 0xff, 0x48,
    0xff, 0xff, 0xff, 0xff, 0xff, 0xff, 0xf6, 0x8f,
    0xff, 0xff, 0xff, 0xff, 0xff, 0xff, 0x68, 0xff,
    0xff, 0xff, 0xff, 0xff, 0xff, 0xf6, 0x7f, 0xff,
    0xff, 0xff, 0xff, 0xff, 0xff, 0x61, 0x78, 0x8d,
    0xff, 0xff, 0xfd, 0x88, 0x71, 0x0, 0x0, 0xbf,
    0xff, 0xff, 0xb0, 0x0, 0x0, 0x0, 0xb, 0xff,
    0xff, 0xfb, 0x0, 0x0, 0x0, 0x0, 0xbf, 0xff,
    0xff, 0xb0, 0x0, 0x0, 0x0, 0xb, 0xff, 0xff,
    0xfb, 0x0, 0x0, 0x0, 0x0, 0xbf, 0xff, 0xff,
    0xb0, 0x0, 0x0, 0x0, 0xb, 0xff, 0xff, 0xfb,
    0x0, 0x0, 0x0, 0x0, 0xbf, 0xff, 0xff, 0xb0,
    0x0, 0x0, 0x0, 0xb, 0xff, 0xff, 0xfb, 0x0,
    0x0, 0x0, 0x0, 0xbf, 0xff, 0xff, 0xb0, 0x0,
    0x1, 0x67, 0x7d, 0xff, 0xff, 0xfd, 0x77, 0x60,
    0x7f, 0xff, 0xff, 0xff, 0xff, 0xff, 0xff, 0x68,
    0xff, 0xff, 0xff, 0xff, 0xff, 0xff, 0xf6, 0x8f,
    0xff, 0xff, 0xff, 0xff, 0xff, 0xff, 0x68, 0xff,
    0xff, 0xff, 0xff, 0xff, 0xff, 0xf6, 0x5f, 0xff,
    0xff, 0xff, 0xff, 0xff, 0xff, 0x40,

    /* U+004A "J" */
    0x0, 0x0, 0x0, 0x0, 0x0, 0xbf, 0xff, 0xff,
    0x40, 0x0, 0x0, 0x0, 0x0, 0xe, 0xff, 0xff,
    0xf7, 0x0, 0x0, 0x0, 0x0, 0x0, 0xff, 0xff,
    0xff, 0x70, 0x0, 0x0, 0x0, 0x0, 0xf, 0xff,
    0xff, 0xf7, 0x0, 0x0, 0x0, 0x0, 0x0, 0xff,
    0xff, 0xff, 0x70, 0x0, 0x0, 0x0, 0x0, 0xf,
    0xff, 0xff, 0xf7, 0x0, 0x0, 0x0, 0x0, 0x0,
    0xff, 0xff, 0xff, 0x70, 0x0, 0x0, 0x0, 0x0,
    0xf, 0xff, 0xff, 0xf7, 0x0, 0x0, 0x0, 0x0,
    0x0, 0xff, 0xff, 0xff, 0x73, 0x77, 0x77, 0x60,
    0x0, 0xf, 0xff, 0xff, 0xf7, 0xdf, 0xff, 0xff,
    0x30, 0x0, 0xff, 0xff, 0xff, 0x7d, 0xff, 0xff,
    0xf3, 0x0, 0xf, 0xff, 0xff, 0xf7, 0xdf, 0xff,
    0xff, 0x30, 0x0, 0xff, 0xff, 0xff, 0x7d, 0xff,
    0xff, 0xf3, 0x0, 0xf, 0xff, 0xff, 0xf7, 0xdf,
    0xff, 0xff, 0x50, 0x0, 0xff, 0xff, 0xff, 0x7d,
    0xff, 0xff, 0xff, 0xba, 0xdf, 0xff, 0xff, 0xf6,
    0xbf, 0xff, 0xff, 0xff, 0xff, 0xff, 0xff, 0xff,
    0x57, 0xff, 0xff, 0xff, 0xff, 0xff, 0xff, 0xff,
    0xf1, 0x1e, 0xff, 0xff, 0xff, 0xff, 0xff, 0xff,
    0xf9, 0x0, 0x3d, 0xff, 0xff, 0xff, 0xff, 0xff,
    0xf9, 0x0, 0x0, 0x5, 0xad, 0xef, 0xff, 0xec,
    0x83, 0x0, 0x0,

    /* U+004B "K" */
    0xd, 0xff, 0xff, 0xf2, 0x0, 0x5, 0xef, 0xff,
    0xfa, 0x0, 0xff, 0xff, 0xff, 0x40, 0x0, 0xef,
    0xff, 0xff, 0x60, 0x1f, 0xff, 0xff, 0xf4, 0x0,
    0x5f, 0xff, 0xff, 0xf0, 0x1, 0xff, 0xff, 0xff,
    0x40, 0xb, 0xff, 0xff, 0xf9, 0x0, 0x1f, 0xff,
    0xff, 0xf4, 0x2, 0xff, 0xff, 0xff, 0x30, 0x1,
    0xff, 0xff, 0xff, 0x40, 0x8f, 0xff, 0xff, 0xc0,
    0x0, 0x1f, 0xff, 0xff, 0xf4, 0xe, 0xff, 0xff,
    0xf6, 0x0, 0x1, 0xff, 0xff, 0xff, 0x46, 0xff,
    0xff, 0xff, 0x0, 0x0, 0x1f, 0xff, 0xff, 0xff,
    0xff, 0xff, 0xff, 0xfe, 0x80, 0x1, 0xff, 0xff,
    0xff, 0xff, 0xff, 0xff, 0xff, 0xff, 0x70, 0x1f,
    0xff, 0xff, 0xff, 0xff, 0xff, 0xff, 0xff, 0xff,
    0x1, 0xff, 0xff, 0xff, 0xff, 0xff, 0xff, 0xff,
    0xff, 0xf2, 0x1f, 0xff, 0xff, 0xff, 0xff, 0xff,
    0xff, 0xff, 0xff, 0x31, 0xff, 0xff, 0xff, 0x96,
    0x66, 0xbf, 0xff, 0xff, 0xf3, 0x1f, 0xff, 0xff,
    0xf4, 0x0, 0x2, 0xff, 0xff, 0xff, 0x31, 0xff,
    0xff, 0xff, 0x40, 0x0, 0x2f, 0xff, 0xff, 0xf3,
    0x1f, 0xff, 0xff, 0xf4, 0x0, 0x2, 0xff, 0xff,
    0xff, 0x31, 0xff, 0xff, 0xff, 0x40, 0x0, 0x2f,
    0xff, 0xff, 0xf3, 0x1f, 0xff, 0xff, 0xf4, 0x0,
    0x2, 0xff, 0xff, 0xff, 0x30, 0xff, 0xff, 0xff,
    0x40, 0x0, 0x1f, 0xff, 0xff, 0xf3, 0xd, 0xff,
    0xff, 0xf2, 0x0, 0x0, 0xef, 0xff, 0xfe, 0x10,

    /* U+004C "L" */
    0xd, 0xff, 0xff, 0xf2, 0x0, 0x0, 0x0, 0x0,
    0x0, 0xf, 0xff, 0xff, 0xf4, 0x0, 0x0, 0x0,
    0x0, 0x0, 0x1f, 0xff, 0xff, 0xf4, 0x0, 0x0,
    0x0, 0x0, 0x0, 0x1f, 0xff, 0xff, 0xf4, 0x0,
    0x0, 0x0, 0x0, 0x0, 0x1f, 0xff, 0xff, 0xf4,
    0x0, 0x0, 0x0, 0x0, 0x0, 0x1f, 0xff, 0xff,
    0xf4, 0x0, 0x0, 0x0, 0x0, 0x0, 0x1f, 0xff,
    0xff, 0xf4, 0x0, 0x0, 0x0, 0x0, 0x0, 0x1f,
    0xff, 0xff, 0xf4, 0x0, 0x0, 0x0, 0x0, 0x0,
    0x1f, 0xff, 0xff, 0xf4, 0x0, 0x0, 0x0, 0x0,
    0x0, 0x1f, 0xff, 0xff, 0xf4, 0x0, 0x1, 0x33,
    0x33, 0x20, 0x1f, 0xff, 0xff, 0xf4, 0x0, 0xc,
    0xff, 0xff, 0xf2, 0x1f, 0xff, 0xff, 0xf4, 0x0,
    0xe, 0xff, 0xff, 0xf3, 0x1f, 0xff, 0xff, 0xf4,
    0x0, 0xe, 0xff, 0xff, 0xf3, 0x1f, 0xff, 0xff,
    0xf4, 0x0, 0xe, 0xff, 0xff, 0xf3, 0x1f, 0xff,
    0xff, 0xf4, 0x0, 0xe, 0xff, 0xff, 0xf3, 0x1f,
    0xff, 0xff, 0xf9, 0x66, 0x6e, 0xff, 0xff, 0xf3,
    0x1f, 0xff, 0xff, 0xff, 0xff, 0xff, 0xff, 0xff,
    0xf3, 0x1f, 0xff, 0xff, 0xff, 0xff, 0xff, 0xff,
    0xff, 0xf3, 0x1f, 0xff, 0xff, 0xff, 0xff, 0xff,
    0xff, 0xff, 0xf3, 0xf, 0xff, 0xff, 0xff, 0xff,
    0xff, 0xff, 0xff, 0xf3, 0xd, 0xff, 0xff, 0xff,
    0xff, 0xff, 0xff, 0xff, 0xe1,

    /* U+004D "M" */
    0xd, 0xff, 0xff, 0xf6, 0x0, 0x0, 0x0, 0x9f,
    0xff, 0xff, 0xa0, 0xff, 0xff, 0xff, 0xf1, 0x0,
    0x0, 0x4f, 0xff, 0xff, 0xfd, 0x1f, 0xff, 0xff,
    0xff, 0x80, 0x0, 0xc, 0xff, 0xff, 0xff, 0xd1,
    0xff, 0xff, 0xff, 0xff, 0x10, 0x4, 0xff, 0xff,
    0xff, 0xfd, 0x1f, 0xff, 0xff, 0xff, 0xf8, 0x0,
    0xcf, 0xff, 0xff, 0xff, 0xd1, 0xff, 0xff, 0xff,
    0xff, 0xf1, 0x4f, 0xff, 0xff, 0xff, 0xfd, 0x1f,
    0xff, 0xff, 0xff, 0xff, 0xbd, 0xff, 0xff, 0xff,
    0xff, 0xd1, 0xff, 0xff, 0xff, 0xff, 0xff, 0xff,
    0xff, 0xff, 0xff, 0xfd, 0x1f, 0xff, 0xff, 0xff,
    0xff, 0xff, 0xff, 0xff, 0xff, 0xff, 0xd1, 0xff,
    0xff, 0xff, 0xff, 0xff, 0xff, 0xff, 0xff, 0xff,
    0xfd, 0x1f, 0xff, 0xff, 0xfb, 0xff, 0xff, 0xff,
    0xbf, 0xff, 0xff, 0xd1, 0xff, 0xff, 0xff, 0x3f,
    0xff, 0xff, 0xb7, 0xff, 0xff, 0xfd, 0x1f, 0xff,
    0xff, 0xf2, 0x8f, 0xff, 0xf2, 0x7f, 0xff, 0xff,
    0xd1, 0xff, 0xff, 0xff, 0x20, 0xbf, 0xf7, 0x7,
    0xff, 0xff, 0xfd, 0x1f, 0xff, 0xff, 0xf2, 0x0,
    0x0, 0x0, 0x7f, 0xff, 0xff, 0xd1, 0xff, 0xff,
    0xff, 0x20, 0x0, 0x0, 0x7, 0xff, 0xff, 0xfd,
    0x1f, 0xff, 0xff, 0xf2, 0x0, 0x0, 0x0, 0x7f,
    0xff, 0xff, 0xd1, 0xff, 0xff, 0xff, 0x20, 0x0,
    0x0, 0x7, 0xff, 0xff, 0xfd, 0x1f, 0xff, 0xff,
    0xf2, 0x0, 0x0, 0x0, 0x7f, 0xff, 0xff, 0xd0,
    0xff, 0xff, 0xff, 0x10, 0x0, 0x0, 0x7, 0xff,
    0xff, 0xfd, 0xd, 0xff, 0xff, 0xe0, 0x0, 0x0,
    0x0, 0x5f, 0xff, 0xff, 0xa0,

    /* U+004E "N" */
    0xd, 0xff, 0xfd, 0x30, 0x0, 0x0, 0xdf, 0xff,
    0xfe, 0x0, 0xff, 0xff, 0xfe, 0x20, 0x0, 0xf,
    0xff, 0xff, 0xf2, 0x1f, 0xff, 0xff, 0xfd, 0x10,
    0x1, 0xff, 0xff, 0xff, 0x21, 0xff, 0xff, 0xff,
    0xfb, 0x0, 0x1f, 0xff, 0xff, 0xf2, 0x1f, 0xff,
    0xff, 0xff, 0xf9, 0x1, 0xff, 0xff, 0xff, 0x21,
    0xff, 0xff, 0xff, 0xff, 0xf7, 0x1f, 0xff, 0xff,
    0xf2, 0x1f, 0xff, 0xff, 0xff, 0xff, 0xf5, 0xff,
    0xff, 0xff, 0x21, 0xff, 0xff, 0xff, 0xff, 0xff,
    0xff, 0xff, 0xff, 0xf2, 0x1f, 0xff, 0xff, 0xff,
    0xff, 0xff, 0xff, 0xff, 0xff, 0x21, 0xff, 0xff,
    0xff, 0xff, 0xff, 0xff, 0xff, 0xff, 0xf2, 0x1f,
    0xff, 0xff, 0xfd, 0xff, 0xff, 0xff, 0xff, 0xff,
    0x21, 0xff, 0xff, 0xff, 0x3d, 0xff, 0xff, 0xff,
    0xff, 0xf2, 0x1f, 0xff, 0xff, 0xf2, 0x2f, 0xff,
    0xff, 0xff, 0xff, 0x21, 0xff, 0xff, 0xff, 0x20,
    0x5f, 0xff, 0xff, 0xff, 0xf2, 0x1f, 0xff, 0xff,
    0xf2, 0x0, 0x8f, 0xff, 0xff, 0xff, 0x21, 0xff,
    0xff, 0xff, 0x20, 0x0, 0xbf, 0xff, 0xff, 0xf2,
    0x1f, 0xff, 0xff, 0xf2, 0x0, 0x1, 0xff, 0xff,
    0xff, 0x21, 0xff, 0xff, 0xff, 0x20, 0x0, 0x1f,
    0xff, 0xff, 0xf2, 0x1f, 0xff, 0xff, 0xf2, 0x0,
    0x1, 0xff, 0xff, 0xff, 0x20, 0xff, 0xff, 0xff,
    0x20, 0x0, 0xf, 0xff, 0xff, 0xf2, 0xd, 0xff,
    0xff, 0xe0, 0x0, 0x0, 0xdf, 0xff, 0xfe, 0x0,

    /* U+004F "O" */
    0x0, 0x1, 0x6a, 0xde, 0xff, 0xfe, 0xc9, 0x40,
    0x0, 0x0, 0x7, 0xff, 0xff, 0xff, 0xff, 0xff,
    0xff, 0xd3, 0x0, 0x7, 0xff, 0xff, 0xff, 0xff,
    0xff, 0xff, 0xff, 0xf2, 0x0, 0xff, 0xff, 0xff,
    0xff, 0xff, 0xff, 0xff, 0xff, 0xa0, 0x4f, 0xff,
    0xff, 0xff, 0xff, 0xff, 0xff, 0xff, 0xfe, 0x5,
    0xff, 0xff, 0xff, 0xd9, 0x9a, 0xff, 0xff, 0xff,
    0xf0, 0x6f, 0xff, 0xff, 0xf1, 0x0, 0x6, 0xff,
    0xff, 0xff, 0x6, 0xff, 0xff, 0xff, 0x0, 0x0,
    0x5f, 0xff, 0xff, 0xf0, 0x6f, 0xff, 0xff, 0xf0,
    0x0, 0x5, 0xff, 0xff, 0xff, 0x6, 0xff, 0xff,
    0xff, 0x0, 0x0, 0x5f, 0xff, 0xff, 0xf0, 0x6f,
    0xff, 0xff, 0xf0, 0x0, 0x5, 0xff, 0xff, 0xff,
    0x6, 0xff, 0xff, 0xff, 0x0, 0x0, 0x5f, 0xff,
    0xff, 0xf0, 0x6f, 0xff, 0xff, 0xf0, 0x0, 0x5,
    0xff, 0xff, 0xff, 0x6, 0xff, 0xff, 0xff, 0x0,
    0x0, 0x5f, 0xff, 0xff, 0xf0, 0x6f, 0xff, 0xff,
    0xf1, 0x0, 0x6, 0xff, 0xff, 0xff, 0x5, 0xff,
    0xff, 0xff, 0xd8, 0x89, 0xef, 0xff, 0xff, 0xf0,
    0x4f, 0xff, 0xff, 0xff, 0xff, 0xff, 0xff, 0xff,
    0xfe, 0x0, 0xff, 0xff, 0xff, 0xff, 0xff, 0xff,
    0xff, 0xff, 0xa0, 0x7, 0xff, 0xff, 0xff, 0xff,
    0xff, 0xff, 0xff, 0xf2, 0x0, 0x7, 0xff, 0xff,
    0xff, 0xff, 0xff, 0xff, 0xd3, 0x0, 0x0, 0x1,
    0x6a, 0xde, 0xff, 0xfe, 0xc9, 0x50, 0x0, 0x0,

    /* U+0050 "P" */
    0xd, 0xff, 0xff, 0xff, 0xff, 0xff, 0xda, 0x30,
    0x0, 0xf, 0xff, 0xff, 0xff, 0xff, 0xff, 0xff,
    0xf8, 0x0, 0x1f, 0xff, 0xff, 0xff, 0xff, 0xff,
    0xff, 0xff, 0x50, 0x1f, 0xff, 0xff, 0xff, 0xff,
    0xff, 0xff, 0xff, 0xc0, 0x1f, 0xff, 0xff, 0xff,
    0xff, 0xff, 0xff, 0xff, 0xf0, 0x1f, 0xff, 0xff,
    0xf7, 0x55, 0x9f, 0xff, 0xff, 0xf1, 0x1f, 0xff,
    0xff, 0xf3, 0x0, 0xf, 0xff, 0xff, 0xf1, 0x1f,
    0xff, 0xff, 0xf3, 0x0, 0xf, 0xff, 0xff, 0xf1,
    0x1f, 0xff, 0xff, 0xf3, 0x0, 0xf, 0xff, 0xff,
    0xf1, 0x1f, 0xff, 0xff, 0xf3, 0x0, 0x4f, 0xff,
    0xff, 0xf1, 0x1f, 0xff, 0xff, 0xff, 0xff, 0xff,
    0xff, 0xff, 0xf0, 0x1f, 0xff, 0xff, 0xff, 0xff,
    0xff, 0xff, 0xff, 0xd0, 0x1f, 0xff, 0xff, 0xff,
    0xff, 0xff, 0xff, 0xff, 0x60, 0x1f, 0xff, 0xff,
    0xff, 0xff, 0xff, 0xff, 0xfb, 0x0, 0x1f, 0xff,
    0xff, 0xff, 0xff, 0xff, 0xfc, 0x60, 0x0, 0x1f,
    0xff, 0xff, 0xf6, 0x22, 0x21, 0x0, 0x0, 0x0,
    0x1f, 0xff, 0xff, 0xf4, 0x0, 0x0, 0x0, 0x0,
    0x0, 0x1f, 0xff, 0xff, 0xf4, 0x0, 0x0, 0x0,
    0x0, 0x0, 0x1f, 0xff, 0xff, 0xf4, 0x0, 0x0,
    0x0, 0x0, 0x0, 0xf, 0xff, 0xff, 0xf4, 0x0,
    0x0, 0x0, 0x0, 0x0, 0xd, 0xff, 0xff, 0xf2,
    0x0, 0x0, 0x0, 0x0, 0x0,

    /* U+0051 "Q" */
    0x0, 0x1, 0x6a, 0xde, 0xff, 0xfe, 0xc9, 0x40,
    0x0, 0x0, 0x6, 0xff, 0xff, 0xff, 0xff, 0xff,
    0xff, 0xd3, 0x0, 0x6, 0xff, 0xff, 0xff, 0xff,
    0xff, 0xff, 0xff, 0xf2, 0x0, 0xef, 0xff, 0xff,
    0xff, 0xff, 0xff, 0xff, 0xff, 0x90, 0x3f, 0xff,
    0xff, 0xff, 0xff, 0xff, 0xff, 0xff, 0xfe, 0x5,
    0xff, 0xff, 0xff, 0xea, 0x9b, 0xff, 0xff, 0xff,
    0xf0, 0x6f, 0xff, 0xff, 0xf1, 0x0, 0x6, 0xff,
    0xff, 0xff, 0x6, 0xff, 0xff, 0xff, 0x0, 0x0,
    0x5f, 0xff, 0xff, 0xf0, 0x6f, 0xff, 0xff, 0xf0,
    0x0, 0x5, 0xff, 0xff, 0xff, 0x6, 0xff, 0xff,
    0xff, 0x0, 0x0, 0x5f, 0xff, 0xff, 0xf0, 0x6f,
    0xff, 0xff, 0xf0, 0x0, 0x5, 0xff, 0xff, 0xff,
    0x6, 0xff, 0xff, 0xff, 0x0, 0x0, 0x5f, 0xff,
    0xff, 0xf0, 0x6f, 0xff, 0xff, 0xf0, 0x0, 0x5,
    0xff, 0xff, 0xff, 0x6, 0xff, 0xff, 0xff, 0x0,
    0x0, 0x5f, 0xff, 0xff, 0xf0, 0x6f, 0xff, 0xff,
    0xf0, 0x0, 0x5, 0xff, 0xff, 0xff, 0x5, 0xff,
    0xff, 0xff, 0x60, 0x1, 0xaf, 0xff, 0xff, 0xf0,
    0x4f, 0xff, 0xff, 0xff, 0xff, 0xff, 0xff, 0xff,
    0xfe, 0x0, 0xff, 0xff, 0xff, 0xff, 0xff, 0xff,
    0xff, 0xff, 0xa0, 0x8, 0xff, 0xff, 0xff, 0xff,
    0xff, 0xff, 0xff, 0xf2, 0x0, 0x9, 0xff, 0xff,
    0xff, 0xff, 0xff, 0xff, 0xf4, 0x0, 0x0, 0x2,
    0x8c, 0xff, 0xff, 0xff, 0xeb, 0x71, 0x0, 0x0,
    0x0, 0x0, 0xd, 0xff, 0xff, 0xf7, 0x0, 0x0,
    0x0, 0x0, 0x0, 0x0, 0xdf, 0xff, 0xff, 0x70,
    0x0, 0x0, 0x0, 0x0, 0x0, 0x4, 0x88, 0x88,
    0x71, 0x0, 0x0, 0x0,

    /* U+0052 "R" */
    0xd, 0xff, 0xff, 0xff, 0xff, 0xff, 0xeb, 0x50,
    0x0, 0x0, 0xff, 0xff, 0xff, 0xff, 0xff, 0xff,
    0xff, 0xa0, 0x0, 0x1f, 0xff, 0xff, 0xff, 0xff,
    0xff, 0xff, 0xff, 0x40, 0x1, 0xff, 0xff, 0xff,
    0xff, 0xff, 0xff, 0xff, 0xf9, 0x0, 0x1f, 0xff,
    0xff, 0xff, 0xff, 0xff, 0xff, 0xff, 0xb0, 0x1,
    0xff, 0xff, 0xff, 0x52, 0x2c, 0xff, 0xff, 0xfc,
    0x0, 0x1f, 0xff, 0xff, 0xf4, 0x0, 0x7f, 0xff,
    0xff, 0xc0, 0x1, 0xff, 0xff, 0xff, 0x40, 0x6,
    0xff, 0xff, 0xfa, 0x0, 0x1f, 0xff, 0xff, 0xf4,
    0x0, 0xbf, 0xff, 0xff, 0x40, 0x1, 0xff, 0xff,
    0xff, 0xff, 0xff, 0xff, 0xff, 0xb1, 0x0, 0x1f,
    0xff, 0xff, 0xff, 0xff, 0xff, 0xff, 0xff, 0xf4,
    0x1, 0xff, 0xff, 0xff, 0xff, 0xff, 0xff, 0xff,
    0xff, 0xf1, 0x1f, 0xff, 0xff, 0xff, 0xff, 0xff,
    0xff, 0xff, 0xff, 0x61, 0xff, 0xff, 0xff, 0xff,
    0xff, 0xff, 0xff, 0xff, 0xf8, 0x1f, 0xff, 0xff,
    0xf5, 0x22, 0x23, 0xef, 0xff, 0xff, 0x91, 0xff,
    0xff, 0xff, 0x40, 0x0, 0xc, 0xff, 0xff, 0xf9,
    0x1f, 0xff, 0xff, 0xf4, 0x0, 0x0, 0xcf, 0xff,
    0xff, 0x91, 0xff, 0xff, 0xff, 0x40, 0x0, 0xc,
    0xff, 0xff, 0xf9, 0x1f, 0xff, 0xff, 0xf4, 0x0,
    0x0, 0xcf, 0xff, 0xff, 0x90, 0xff, 0xff, 0xff,
    0x40, 0x0, 0xb, 0xff, 0xff, 0xf9, 0xd, 0xff,
    0xff, 0xe2, 0x0, 0x0, 0x8f, 0xff, 0xff, 0x60,

    /* U+0053 "S" */
    0x0, 0x18, 0xdf, 0xff, 0xff, 0xff, 0xff, 0xd0,
    0x0, 0x3e, 0xff, 0xff, 0xff, 0xff, 0xff, 0xff,
    0x10, 0xe, 0xff, 0xff, 0xff, 0xff, 0xff, 0xff,
    0xf1, 0x5, 0xff, 0xff, 0xff, 0xff, 0xff, 0xff,
    0xff, 0x10, 0x8f, 0xff, 0xff, 0xff, 0xff, 0xff,
    0xff, 0xf0, 0x9, 0xff, 0xff, 0xff, 0x87, 0x77,
    0x77, 0x75, 0x0, 0x9f, 0xff, 0xff, 0xd0, 0x0,
    0x0, 0x0, 0x0, 0x9, 0xff, 0xff, 0xff, 0xc9,
    0x74, 0x20, 0x0, 0x0, 0x8f, 0xff, 0xff, 0xff,
    0xff, 0xff, 0xe9, 0x10, 0x7, 0xff, 0xff, 0xff,
    0xff, 0xff, 0xff, 0xfe, 0x20, 0x3f, 0xff, 0xff,
    0xff, 0xff, 0xff, 0xff, 0xfa, 0x0, 0x9f, 0xff,
    0xff, 0xff, 0xff, 0xff, 0xff, 0xf0, 0x0, 0x5c,
    0xff, 0xff, 0xff, 0xff, 0xff, 0xff, 0x0, 0x0,
    0x1, 0x36, 0x8a, 0xff, 0xff, 0xff, 0xf1, 0x0,
    0x0, 0x0, 0x0, 0x5, 0xff, 0xff, 0xff, 0x11,
    0x66, 0x66, 0x66, 0x66, 0xbf, 0xff, 0xff, 0xf1,
    0x8f, 0xff, 0xff, 0xff, 0xff, 0xff, 0xff, 0xff,
    0x9, 0xff, 0xff, 0xff, 0xff, 0xff, 0xff, 0xff,
    0xd0, 0x9f, 0xff, 0xff, 0xff, 0xff, 0xff, 0xff,
    0xf7, 0x9, 0xff, 0xff, 0xff, 0xff, 0xff, 0xff,
    0xfa, 0x0, 0x6f, 0xff, 0xff, 0xff, 0xff, 0xfe,
    0xb5, 0x0, 0x0,

    /* U+0054 "T" */
    0x1e, 0xff, 0xff, 0xff, 0xff, 0xff, 0xff, 0xff,
    0xf6, 0x3f, 0xff, 0xff, 0xff, 0xff, 0xff, 0xff,
    0xff, 0xf9, 0x3f, 0xff, 0xff, 0xff, 0xff, 0xff,
    0xff, 0xff, 0xf9, 0x3f, 0xff, 0xff, 0xff, 0xff,
    0xff, 0xff, 0xff, 0xf9, 0x3f, 0xff, 0xff, 0xff,
    0xff, 0xff, 0xff, 0xff, 0xf8, 0x7, 0x88, 0x88,
    0xff, 0xff, 0xff, 0xb8, 0x88, 0x82, 0x0, 0x0,
    0x1, 0xff, 0xff, 0xff, 0x70, 0x0, 0x0, 0x0,
    0x0, 0x1, 0xff, 0xff, 0xff, 0x70, 0x0, 0x0,
    0x0, 0x0, 0x1, 0xff, 0xff, 0xff, 0x70, 0x0,
    0x0, 0x0, 0x0, 0x1, 0xff, 0xff, 0xff, 0x70,
    0x0, 0x0, 0x0, 0x0, 0x1, 0xff, 0xff, 0xff,
    0x70, 0x0, 0x0, 0x0, 0x0, 0x1, 0xff, 0xff,
    0xff, 0x70, 0x0, 0x0, 0x0, 0x0, 0x1, 0xff,
    0xff, 0xff, 0x70, 0x0, 0x0, 0x0, 0x0, 0x1,
    0xff, 0xff, 0xff, 0x70, 0x0, 0x0, 0x0, 0x0,
    0x1, 0xff, 0xff, 0xff, 0x70, 0x0, 0x0, 0x0,
    0x0, 0x1, 0xff, 0xff, 0xff, 0x70, 0x0, 0x0,
    0x0, 0x0, 0x1, 0xff, 0xff, 0xff, 0x70, 0x0,
    0x0, 0x0, 0x0, 0x1, 0xff, 0xff, 0xff, 0x70,
    0x0, 0x0, 0x0, 0x0, 0x1, 0xff, 0xff, 0xff,
    0x70, 0x0, 0x0, 0x0, 0x0, 0x1, 0xff, 0xff,
    0xff, 0x70, 0x0, 0x0, 0x0, 0x0, 0x0, 0xdf,
    0xff, 0xff, 0x40, 0x0, 0x0,

    /* U+0055 "U" */
    0x1e, 0xff, 0xff, 0xe1, 0x0, 0x1, 0xef, 0xff,
    0xfd, 0x3, 0xff, 0xff, 0xff, 0x30, 0x0, 0x2f,
    0xff, 0xff, 0xf1, 0x3f, 0xff, 0xff, 0xf3, 0x0,
    0x2, 0xff, 0xff, 0xff, 0x13, 0xff, 0xff, 0xff,
    0x30, 0x0, 0x2f, 0xff, 0xff, 0xf1, 0x3f, 0xff,
    0xff, 0xf3, 0x0, 0x2, 0xff, 0xff, 0xff, 0x13,
    0xff, 0xff, 0xff, 0x30, 0x0, 0x2f, 0xff, 0xff,
    0xf1, 0x3f, 0xff, 0xff, 0xf3, 0x0, 0x2, 0xff,
    0xff, 0xff, 0x13, 0xff, 0xff, 0xff, 0x30, 0x0,
    0x2f, 0xff, 0xff, 0xf1, 0x3f, 0xff, 0xff, 0xf3,
    0x0, 0x2, 0xff, 0xff, 0xff, 0x13, 0xff, 0xff,
    0xff, 0x30, 0x0, 0x2f, 0xff, 0xff, 0xf1, 0x3f,
    0xff, 0xff, 0xf3, 0x0, 0x2, 0xff, 0xff, 0xff,
    0x13, 0xff, 0xff, 0xff, 0x30, 0x0, 0x2f, 0xff,
    0xff, 0xf1, 0x3f, 0xff, 0xff, 0xf3, 0x0, 0x2,
    0xff, 0xff, 0xff, 0x13, 0xff, 0xff, 0xff, 0x30,
    0x0, 0x2f, 0xff, 0xff, 0xf1, 0x3f, 0xff, 0xff,
    0xf5, 0x0, 0x4, 0xff, 0xff, 0xff, 0x12, 0xff,
    0xff, 0xff, 0xfa, 0x9a, 0xff, 0xff, 0xff, 0xf1,
    0x1f, 0xff, 0xff, 0xff, 0xff, 0xff, 0xff, 0xff,
    0xff, 0x0, 0xdf, 0xff, 0xff, 0xff, 0xff, 0xff,
    0xff, 0xff, 0xb0, 0x4, 0xff, 0xff, 0xff, 0xff,
    0xff, 0xff, 0xff, 0xf3, 0x0, 0x5, 0xef, 0xff,
    0xff, 0xff, 0xff, 0xff, 0xe4, 0x0, 0x0, 0x0,
    0x5a, 0xce, 0xff, 0xfe, 0xc9, 0x50, 0x0, 0x0,

    /* U+0056 "V" */
    0x4f, 0xff, 0xff, 0xd0, 0x0, 0x4, 0xff, 0xff,
    0xfb, 0x7f, 0xff, 0xff, 0xf0, 0x0, 0x7, 0xff,
    0xff, 0xfe, 0x7f, 0xff, 0xff, 0xf1, 0x0, 0x7,
    0xff, 0xff, 0xfe, 0x7f, 0xff, 0xff, 0xf1, 0x0,
    0x7, 0xff, 0xff, 0xfe, 0x7f, 0xff, 0xff, 0xf1,
    0x0, 0x7, 0xff, 0xff, 0xfe, 0x7f, 0xff, 0xff,
    0xf1, 0x0, 0x7, 0xff, 0xff, 0xfe, 0x7f, 0xff,
    0xff, 0xf1, 0x0, 0x7, 0xff, 0xff, 0xfe, 0x7f,
    0xff, 0xff, 0xf1, 0x0, 0x7, 0xff, 0xff, 0xfe,
    0x7f, 0xff, 0xff, 0xf1, 0x0, 0x7, 0xff, 0xff,
    0xfe, 0x7f, 0xff, 0xff, 0xf1, 0x0, 0x8, 0xff,
    0xff, 0xfe, 0x5f, 0xff, 0xff, 0xf5, 0x0, 0xc,
    0xff, 0xff, 0xfc, 0x1f, 0xff, 0xff, 0xfa, 0x0,
    0x1f, 0xff, 0xff, 0xf8, 0xb, 0xff, 0xff, 0xff,
    0x0, 0x6f, 0xff, 0xff, 0xf2, 0x5, 0xff, 0xff,
    0xff, 0x40, 0xbf, 0xff, 0xff, 0xc0, 0x0, 0xff,
    0xff, 0xff, 0xa1, 0xff, 0xff, 0xff, 0x60, 0x0,
    0x9f, 0xff, 0xff, 0xff, 0xff, 0xff, 0xff, 0x10,
    0x0, 0x3f, 0xff, 0xff, 0xff, 0xff, 0xff, 0xfa,
    0x0, 0x0, 0xd, 0xff, 0xff, 0xff, 0xff, 0xff,
    0xf4, 0x0, 0x0, 0x7, 0xff, 0xff, 0xff, 0xff,
    0xff, 0xd0, 0x0, 0x0, 0x1, 0xff, 0xff, 0xff,
    0xff, 0xff, 0x70, 0x0, 0x0, 0x0, 0x8f, 0xff,
    0xff, 0xff, 0xfd, 0x10, 0x0,

    /* U+0057 "W" */
    0x2f, 0xff, 0xff, 0xc0, 0x0, 0x0, 0x0, 0x6f,
    0xff, 0xff, 0x64, 0xff, 0xff, 0xff, 0x0, 0x0,
    0x0, 0x9, 0xff, 0xff, 0xf9, 0x5f, 0xff, 0xff,
    0xf0, 0x0, 0x0, 0x0, 0x9f, 0xff, 0xff, 0x95,
    0xff, 0xff, 0xff, 0x0, 0x0, 0x0, 0x9, 0xff,
    0xff, 0xf9, 0x5f, 0xff, 0xff, 0xf0, 0x0, 0x0,
    0x0, 0x9f, 0xff, 0xff, 0x95, 0xff, 0xff, 0xff,
    0x0, 0x0, 0x0, 0x9, 0xff, 0xff, 0xf9, 0x5f,
    0xff, 0xff, 0xf0, 0x0, 0x0, 0x0, 0x9f, 0xff,
    0xff, 0x95, 0xff, 0xff, 0xff, 0x0, 0x58, 0x71,
    0x9, 0xff, 0xff, 0xf9, 0x5f, 0xff, 0xff, 0xf0,
    0x6f, 0xff, 0xd0, 0x9f, 0xff, 0xff, 0x95, 0xff,
    0xff, 0xff, 0xd, 0xff, 0xff, 0x49, 0xff, 0xff,
    0xf9, 0x5f, 0xff, 0xff, 0xf5, 0xff, 0xff, 0xfb,
    0x9f, 0xff, 0xff, 0x95, 0xff, 0xff, 0xff, 0xcf,
    0xff, 0xff, 0xfc, 0xff, 0xff, 0xf9, 0x4f, 0xff,
    0xff, 0xff, 0xff, 0xff, 0xff, 0xff, 0xff, 0xff,
    0x94, 0xff, 0xff, 0xff, 0xff, 0xff, 0xff, 0xff,
    0xff, 0xff, 0xf8, 0x2f, 0xff, 0xff, 0xff, 0xff,
    0xff, 0xff, 0xff, 0xff, 0xff, 0x70, 0xef, 0xff,
    0xff, 0xff, 0xf1, 0xcf, 0xff, 0xff, 0xff, 0xf3,
    0x9, 0xff, 0xff, 0xff, 0xfb, 0x7, 0xff, 0xff,
    0xff, 0xfe, 0x0, 0x4f, 0xff, 0xff, 0xff, 0x60,
    0x2f, 0xff, 0xff, 0xff, 0x80, 0x0, 0xef, 0xff,
    0xff, 0xf2, 0x0, 0xef, 0xff, 0xff, 0xf3, 0x0,
    0x9, 0xff, 0xff, 0xfd, 0x0, 0xa, 0xff, 0xff,
    0xfd, 0x0, 0x0, 0x1e, 0xff, 0xff, 0x60, 0x0,
    0x3e, 0xff, 0xff, 0x50, 0x0,

    /* U+0058 "X" */
    0x2f, 0xff, 0xff, 0xc0, 0x0, 0x2, 0xff, 0xff,
    0xfb, 0x4f, 0xff, 0xff, 0xf0, 0x0, 0x4, 0xff,
    0xff, 0xff, 0x5f, 0xff, 0xff, 0xf0, 0x0, 0x5,
    0xff, 0xff, 0xff, 0x4f, 0xff, 0xff, 0xf0, 0x0,
    0x5, 0xff, 0xff, 0xff, 0x4f, 0xff, 0xff, 0xf4,
    0x0, 0x9, 0xff, 0xff, 0xfe, 0x1f, 0xff, 0xff,
    0xfd, 0x0, 0x3f, 0xff, 0xff, 0xfb, 0x9, 0xff,
    0xff, 0xff, 0x80, 0xdf, 0xff, 0xff, 0xf3, 0x1,
    0xef, 0xff, 0xff, 0xff, 0xff, 0xff, 0xff, 0x90,
    0x0, 0x4f, 0xff, 0xff, 0xff, 0xff, 0xff, 0xfe,
    0x0, 0x0, 0x9, 0xff, 0xff, 0xff, 0xff, 0xff,
    0xf4, 0x0, 0x0, 0x2, 0xff, 0xff, 0xff, 0xff,
    0xff, 0xc0, 0x0, 0x0, 0xc, 0xff, 0xff, 0xff,
    0xff, 0xff, 0xf6, 0x0, 0x0, 0x8f, 0xff, 0xff,
    0xff, 0xff, 0xff, 0xff, 0x30, 0x4, 0xff, 0xff,
    0xff, 0xfc, 0xff, 0xff, 0xff, 0xd0, 0xd, 0xff,
    0xff, 0xff, 0x40, 0x9f, 0xff, 0xff, 0xf8, 0x3f,
    0xff, 0xff, 0xf8, 0x0, 0xd, 0xff, 0xff, 0xfd,
    0x4f, 0xff, 0xff, 0xf0, 0x0, 0x6, 0xff, 0xff,
    0xff, 0x5f, 0xff, 0xff, 0xf0, 0x0, 0x5, 0xff,
    0xff, 0xff, 0x5f, 0xff, 0xff, 0xf0, 0x0, 0x5,
    0xff, 0xff, 0xff, 0x5f, 0xff, 0xff, 0xf0, 0x0,
    0x5, 0xff, 0xff, 0xff, 0x2f, 0xff, 0xff, 0xc0,
    0x0, 0x2, 0xff, 0xff, 0xfc,

    /* U+0059 "Y" */
    0x8f, 0xff, 0xff, 0x60, 0x0, 0x8, 0xff, 0xff,
    0xf4, 0xbf, 0xff, 0xff, 0x90, 0x0, 0xb, 0xff,
    0xff, 0xf7, 0xbf, 0xff, 0xff, 0x90, 0x0, 0xb,
    0xff, 0xff, 0xf7, 0xbf, 0xff, 0xff, 0x90, 0x0,
    0xb, 0xff, 0xff, 0xf7, 0xbf, 0xff, 0xff, 0x90,
    0x0, 0xb, 0xff, 0xff, 0xf7, 0xbf, 0xff, 0xff,
    0x90, 0x0, 0xb, 0xff, 0xff, 0xf7, 0xbf, 0xff,
    0xff, 0xa0, 0x0, 0xc, 0xff, 0xff, 0xf7, 0xbf,
    0xff, 0xff, 0xe1, 0x0, 0x2f, 0xff, 0xff, 0xf7,
    0x8f, 0xff, 0xff, 0xf9, 0x0, 0xbf, 0xff, 0xff,
    0xf4, 0x2f, 0xff, 0xff, 0xff, 0x46, 0xff, 0xff,
    0xff, 0xd0, 0x8, 0xff, 0xff, 0xff, 0xff, 0xff,
    0xff, 0xff, 0x40, 0x0, 0xcf, 0xff, 0xff, 0xff,
    0xff, 0xff, 0xf9, 0x0, 0x0, 0x2f, 0xff, 0xff,
    0xff, 0xff, 0xff, 0xd0, 0x0, 0x0, 0x6, 0xff,
    0xff, 0xff, 0xff, 0xff, 0x20, 0x0, 0x0, 0x0,
    0xaf, 0xff, 0xff, 0xff, 0xf7, 0x0, 0x0, 0x0,
    0x0, 0x1e, 0xff, 0xff, 0xff, 0xb0, 0x0, 0x0,
    0x0, 0x0, 0x6, 0xff, 0xff, 0xff, 0x30, 0x0,
    0x0, 0x0, 0x0, 0x6, 0xff, 0xff, 0xff, 0x20,
    0x0, 0x0, 0x0, 0x0, 0x6, 0xff, 0xff, 0xff,
    0x20, 0x0, 0x0, 0x0, 0x0, 0x6, 0xff, 0xff,
    0xff, 0x20, 0x0, 0x0, 0x0, 0x0, 0x3, 0xff,
    0xff, 0xfe, 0x0, 0x0, 0x0,

    /* U+005A "Z" */
    0x1e, 0xff, 0xff, 0xff, 0xff, 0xff, 0xff, 0xf7,
    0x3, 0xff, 0xff, 0xff, 0xff, 0xff, 0xff, 0xff,
    0xa0, 0x3f, 0xff, 0xff, 0xff, 0xff, 0xff, 0xff,
    0xfb, 0x3, 0xff, 0xff, 0xff, 0xff, 0xff, 0xff,
    0xff, 0xb0, 0x2f, 0xff, 0xff, 0xff, 0xff, 0xff,
    0xff, 0xfb, 0x0, 0x78, 0x88, 0x88, 0xbf, 0xff,
    0xff, 0xff, 0xa0, 0x0, 0x0, 0x0, 0x1e, 0xff,
    0xff, 0xff, 0xf6, 0x0, 0x0, 0x0, 0xb, 0xff,
    0xff, 0xff, 0xfc, 0x0, 0x0, 0x0, 0x8, 0xff,
    0xff, 0xff, 0xfe, 0x10, 0x0, 0x0, 0x5, 0xff,
    0xff, 0xff, 0xff, 0x40, 0x0, 0x0, 0x2, 0xff,
    0xff, 0xff, 0xff, 0x70, 0x0, 0x0, 0x0, 0xdf,
    0xff, 0xff, 0xff, 0xa0, 0x0, 0x0, 0x0, 0xaf,
    0xff, 0xff, 0xff, 0xd0, 0x0, 0x0, 0x0, 0x7f,
    0xff, 0xff, 0xff, 0xf2, 0x0, 0x0, 0x0, 0x3f,
    0xff, 0xff, 0xff, 0xf5, 0x0, 0x0, 0x0, 0xa,
    0xff, 0xff, 0xff, 0xfd, 0x77, 0x77, 0x77, 0x50,
    0xbf, 0xff, 0xff, 0xff, 0xff, 0xff, 0xff, 0xff,
    0x2b, 0xff, 0xff, 0xff, 0xff, 0xff, 0xff, 0xff,
    0xf3, 0xbf, 0xff, 0xff, 0xff, 0xff, 0xff, 0xff,
    0xff, 0x3b, 0xff, 0xff, 0xff, 0xff, 0xff, 0xff,
    0xff, 0xf2, 0x8f, 0xff, 0xff, 0xff, 0xff, 0xff,
    0xff, 0xfe, 0x10,

    /* U+005B "[" */
    0x7f, 0xff, 0xff, 0xff, 0xf8, 0xaf, 0xff, 0xff,
    0xff, 0xfb, 0xaf, 0xff, 0xff, 0xff, 0xfc, 0xaf,
    0xff, 0xff, 0xff, 0xfc, 0xaf, 0xff, 0xff, 0xff,
    0xfb, 0xaf, 0xff, 0xff, 0xd8, 0x83, 0xaf, 0xff,
    0xff, 0xb0, 0x0, 0xaf, 0xff, 0xff, 0xb0, 0x0,
    0xaf, 0xff, 0xff, 0xb0, 0x0, 0xaf, 0xff, 0xff,
    0xb0, 0x0, 0xaf, 0xff, 0xff, 0xb0, 0x0, 0xaf,
    0xff, 0xff, 0xb0, 0x0, 0xaf, 0xff, 0xff, 0xb0,
    0x0, 0xaf, 0xff, 0xff, 0xb0, 0x0, 0xaf, 0xff,
    0xff, 0xb0, 0x0, 0xaf, 0xff, 0xff, 0xb0, 0x0,
    0xaf, 0xff, 0xff, 0xb0, 0x0, 0xaf, 0xff, 0xff,
    0xb0, 0x0, 0xaf, 0xff, 0xff, 0xb0, 0x0, 0xaf,
    0xff, 0xff, 0xd7, 0x72, 0xaf, 0xff, 0xff, 0xff,
    0xfb, 0xaf, 0xff, 0xff, 0xff, 0xfc, 0xaf, 0xff,
    0xff, 0xff, 0xfc, 0xaf, 0xff, 0xff, 0xff, 0xfb,
    0x7f, 0xff, 0xff, 0xff, 0xf8,

    /* U+005C "\\" */
    0x7b, 0xbb, 0xba, 0x0, 0x0, 0xdf, 0xff, 0xff,
    0x30, 0x0, 0xbf, 0xff, 0xff, 0x60, 0x0, 0x8f,
    0xff, 0xff, 0x80, 0x0, 0x6f, 0xff, 0xff, 0xa0,
    0x0, 0x4f, 0xff, 0xff, 0xd0, 0x0, 0x2f, 0xff,
    0xff, 0xf0, 0x0, 0xf, 0xff, 0xff, 0xf1, 0x0,
    0xd, 0xff, 0xff, 0xf3, 0x0, 0xb, 0xff, 0xff,
    0xf6, 0x0, 0x8, 0xff, 0xff, 0xf8, 0x0, 0x6,
    0xff, 0xff, 0xfa, 0x0, 0x4, 0xff, 0xff, 0xfc,
    0x0, 0x2, 0xff, 0xff, 0xff, 0x0, 0x0, 0xff,
    0xff, 0xff, 0x10, 0x0, 0xdf, 0xff, 0xff, 0x30,
    0x0, 0xbf, 0xff, 0xff, 0x50, 0x0, 0x9f, 0xff,
    0xff, 0x80, 0x0, 0x6f, 0xff, 0xff, 0xa0, 0x0,
    0x4f, 0xff, 0xff, 0xc0, 0x0, 0x2f, 0xff, 0xff,
    0xf0, 0x0, 0xf, 0xff, 0xff, 0xf1, 0x0, 0xd,
    0xff, 0xff, 0xf3, 0x0, 0xb, 0xff, 0xff, 0xf5,
    0x0, 0x9, 0xff, 0xff, 0xf8, 0x0, 0x5, 0xff,
    0xff, 0xf6,

    /* U+005D "]" */
    0x8f, 0xff, 0xff, 0xff, 0xf7, 0xbf, 0xff, 0xff,
    0xff, 0xfa, 0xbf, 0xff, 0xff, 0xff, 0xfa, 0xbf,
    0xff, 0xff, 0xff, 0xfa, 0xbf, 0xff, 0xff, 0xff,
    0xfa, 0x38, 0x8d, 0xff, 0xff, 0xfa, 0x0, 0xb,
    0xff, 0xff, 0xfa, 0x0, 0xb, 0xff, 0xff, 0xfa,
    0x0, 0xb, 0xff, 0xff, 0xfa, 0x0, 0xb, 0xff,
    0xff, 0xfa, 0x0, 0xb, 0xff, 0xff, 0xfa, 0x0,
    0xb, 0xff, 0xff, 0xfa, 0x0, 0xb, 0xff, 0xff,
    0xfa, 0x0, 0xb, 0xff, 0xff, 0xfa, 0x0, 0xb,
    0xff, 0xff, 0xfa, 0x0, 0xb, 0xff, 0xff, 0xfa,
    0x0, 0xb, 0xff, 0xff, 0xfa, 0x0, 0xb, 0xff,
    0xff, 0xfa, 0x0, 0xb, 0xff, 0xff, 0xfa, 0x27,
    0x7d, 0xff, 0xff, 0xfa, 0xbf, 0xff, 0xff, 0xff,
    0xfa, 0xbf, 0xff, 0xff, 0xff, 0xfa, 0xbf, 0xff,
    0xff, 0xff, 0xfa, 0xbf, 0xff, 0xff, 0xff, 0xfa,
    0x8f, 0xff, 0xff, 0xff, 0xf7,

    /* U+005E "^" */
    0x0, 0x0, 0x0, 0x26, 0x78, 0x76, 0x20, 0x0,
    0x0, 0x0, 0x0, 0x0, 0x7f, 0xff, 0xff, 0xff,
    0x70, 0x0, 0x0, 0x0, 0x0, 0x3f, 0xff, 0xff,
    0xff, 0xff, 0x30, 0x0, 0x0, 0x0, 0xa, 0xff,
    0xff, 0xff, 0xff, 0xfa, 0x0, 0x0, 0x0, 0x0,
    0xff, 0xff, 0xff, 0xff, 0xff, 0xf0, 0x0, 0x0,
    0x0, 0x3f, 0xff, 0xff, 0xff, 0xff, 0xff, 0x40,
    0x0, 0x0, 0x8, 0xff, 0xff, 0xf5, 0xff, 0xff,
    0xf8, 0x0, 0x0, 0x0, 0xcf, 0xff, 0xfc, 0xc,
    0xff, 0xff, 0xc0, 0x0, 0x0, 0x1f, 0xff, 0xff,
    0x80, 0x8f, 0xff, 0xff, 0x10, 0x0, 0x5, 0xff,
    0xff, 0xf3, 0x3, 0xff, 0xff, 0xf5, 0x0, 0x0,
    0xaf, 0xff, 0xff, 0x0, 0xf, 0xff, 0xff, 0xa0,
    0x0, 0xe, 0xff, 0xff, 0xb0, 0x0, 0xbf, 0xff,
    0xfe, 0x0, 0x2, 0xff, 0xff, 0xf7, 0x0, 0x7,
    0xff, 0xff, 0xf3, 0x0, 0x7f, 0xff, 0xff, 0x20,
    0x0, 0x2f, 0xff, 0xff, 0x70, 0xb, 0xff, 0xff,
    0xe0, 0x0, 0x0, 0xef, 0xff, 0xfc, 0x0, 0xcf,
    0xff, 0xf8, 0x0, 0x0, 0x8, 0xff, 0xff, 0xc0,

    /* U+005F "_" */
    0xb, 0xee, 0xee, 0xee, 0xee, 0xee, 0xee, 0xee,
    0xd5, 0xf, 0xff, 0xff, 0xff, 0xff, 0xff, 0xff,
    0xff, 0xf9, 0xf, 0xff, 0xff, 0xff, 0xff, 0xff,
    0xff, 0xff, 0xf9, 0xf, 0xff, 0xff, 0xff, 0xff,
    0xff, 0xff, 0xff, 0xf9, 0xf, 0xff, 0xff, 0xff,
    0xff, 0xff, 0xff, 0xff, 0xf9, 0xd, 0xff, 0xff,
    0xff, 0xff, 0xff, 0xff, 0xff, 0xf6,

    /* U+0060 "`" */
    0x46, 0x42, 0x0, 0x0, 0x0, 0x0, 0xdf, 0xff,
    0xfe, 0xca, 0x86, 0x41, 0xef, 0xff, 0xff, 0xff,
    0xff, 0xfc, 0xef, 0xff, 0xff, 0xff, 0xff, 0xfd,
    0xdf, 0xff, 0xff, 0xff, 0xff, 0xfd, 0x14, 0x68,
    0xac, 0xef, 0xff, 0xfd, 0x0, 0x0, 0x0, 0x0,
    0x24, 0x64,

    /* U+0061 "a" */
    0x0, 0x0, 0x9f, 0xff, 0xff, 0xff, 0xfd, 0x20,
    0x0, 0x0, 0x2, 0xff, 0xff, 0xff, 0xff, 0xff,
    0x90, 0x0, 0x0, 0x8, 0xff, 0xff, 0xff, 0xff,
    0xff, 0xe0, 0x0, 0x0, 0xe, 0xff, 0xff, 0xff,
    0xff, 0xff, 0xf5, 0x0, 0x0, 0x4f, 0xff, 0xff,
    0xff, 0xff, 0xff, 0xfb, 0x0, 0x0, 0x9f, 0xff,
    0xff, 0xb9, 0xff, 0xff, 0xff, 0x10, 0x0, 0xff,
    0xff, 0xff, 0x10, 0xef, 0xff, 0xff, 0x70, 0x5,
    0xff, 0xff, 0xfd, 0x0, 0x9f, 0xff, 0xff, 0xc0,
    0xb, 0xff, 0xff, 0xf8, 0x0, 0x5f, 0xff, 0xff,
    0xf2, 0xf, 0xff, 0xff, 0xf4, 0x0, 0x1f, 0xff,
    0xff, 0xf7, 0x4f, 0xff, 0xff, 0xf3, 0x33, 0x3d,
    0xff, 0xff, 0xfb, 0x6f, 0xff, 0xff, 0xff, 0xff,
    0xff, 0xff, 0xff, 0xfd, 0x7f, 0xff, 0xff, 0xff,
    0xff, 0xff, 0xff, 0xff, 0xfe, 0x7f, 0xff, 0xff,
    0xff, 0xff, 0xff, 0xff, 0xff, 0xfe, 0x7f, 0xff,
    0xff, 0xff, 0xff, 0xff, 0xff, 0xff, 0xfe, 0x7f,
    0xff, 0xff, 0xff, 0xff, 0xff, 0xff, 0xff, 0xfe,
    0x7f, 0xff, 0xff, 0xa0, 0x0, 0x6, 0xff, 0xff,
    0xfe, 0x7f, 0xff, 0xff, 0xa0, 0x0, 0x6, 0xff,
    0xff, 0xfe, 0x7f, 0xff, 0xff, 0xa0, 0x0, 0x6,
    0xff, 0xff, 0xfe, 0x7f, 0xff, 0xff, 0xa0, 0x0,
    0x6, 0xff, 0xff, 0xfe, 0x4f, 0xff, 0xff, 0x70,
    0x0, 0x3, 0xff, 0xff, 0xfb,

    /* U+0062 "b" */
    0xd, 0xff, 0xff, 0xff, 0xff, 0xff, 0xd9, 0x20,
    0x0, 0x0, 0xff, 0xff, 0xff, 0xff, 0xff, 0xff,
    0xff, 0x40, 0x0, 0x1f, 0xff, 0xff, 0xff, 0xff,
    0xff, 0xff, 0xfd, 0x0, 0x1, 0xff, 0xff, 0xff,
    0xff, 0xff, 0xff, 0xff, 0xf2, 0x0, 0x1f, 0xff,
    0xff, 0xfe, 0xdd, 0xff, 0xff, 0xff, 0x30, 0x1,
    0xff, 0xff, 0xff, 0x30, 0x7, 0xff, 0xff, 0xf4,
    0x0, 0x1f, 0xff, 0xff, 0xf3, 0x0, 0x5f, 0xff,
    0xff, 0x30, 0x1, 0xff, 0xff, 0xff, 0x30, 0x5,
    0xff, 0xff, 0xf1, 0x0, 0x1f, 0xff, 0xff, 0xf8,
    0x66, 0xdf, 0xff, 0xfa, 0x0, 0x1, 0xff, 0xff,
    0xff, 0xff, 0xff, 0xff, 0xfe, 0x40, 0x0, 0x1f,
    0xff, 0xff, 0xff, 0xff, 0xff, 0xff, 0xff, 0xd1,
    0x1, 0xff, 0xff, 0xff, 0xff, 0xff, 0xff, 0xff,
    0xff, 0xb0, 0x1f, 0xff, 0xff, 0xff, 0xff, 0xff,
    0xff, 0xff, 0xff, 0x1, 0xff, 0xff, 0xff, 0x30,
    0x0, 0x4f, 0xff, 0xff, 0xf1, 0x1f, 0xff, 0xff,
    0xf3, 0x0, 0x1, 0xff, 0xff, 0xff, 0x21, 0xff,
    0xff, 0xff, 0x30, 0x0, 0x2f, 0xff, 0xff, 0xf2,
    0x1f, 0xff, 0xff, 0xfe, 0xdd, 0xdf, 0xff, 0xff,
    0xff, 0x11, 0xff, 0xff, 0xff, 0xff, 0xff, 0xff,
    0xff, 0xff, 0xf0, 0x1f, 0xff, 0xff, 0xff, 0xff,
    0xff, 0xff, 0xff, 0xfb, 0x0, 0xff, 0xff, 0xff,
    0xff, 0xff, 0xff, 0xff, 0xff, 0x30, 0xd, 0xff,
    0xff, 0xff, 0xff, 0xff, 0xff, 0xd9, 0x20, 0x0,

    /* U+0063 "c" */
    0x0, 0x4, 0x9d, 0xff, 0xff, 0xff, 0xff, 0xf3,
    0x0, 0xaf, 0xff, 0xff, 0xff, 0xff, 0xff, 0xf5,
    0x8, 0xff, 0xff, 0xff, 0xff, 0xff, 0xff, 0xf5,
    0xf, 0xff, 0xff, 0xff, 0xff, 0xff, 0xff, 0xf5,
    0x3f, 0xff, 0xff, 0xff, 0xff, 0xff, 0xff, 0xf5,
    0x5f, 0xff, 0xff, 0xfd, 0x88, 0x88, 0x88, 0x70,
    0x6f, 0xff, 0xff, 0xf2, 0x0, 0x0, 0x0, 0x0,
    0x6f, 0xff, 0xff, 0xf0, 0x0, 0x0, 0x0, 0x0,
    0x6f, 0xff, 0xff, 0xf0, 0x0, 0x0, 0x0, 0x0,
    0x6f, 0xff, 0xff, 0xf0, 0x0, 0x0, 0x0, 0x0,
    0x6f, 0xff, 0xff, 0xf0, 0x0, 0x0, 0x0, 0x0,
    0x6f, 0xff, 0xff, 0xf0, 0x0, 0x0, 0x0, 0x0,
    0x6f, 0xff, 0xff, 0xf0, 0x0, 0x0, 0x0, 0x0,
    0x6f, 0xff, 0xff, 0xf0, 0x0, 0x0, 0x0, 0x0,
    0x6f, 0xff, 0xff, 0xf1, 0x0, 0x0, 0x0, 0x0,
    0x5f, 0xff, 0xff, 0xfc, 0x77, 0x77, 0x77, 0x60,
    0x3f, 0xff, 0xff, 0xff, 0xff, 0xff, 0xff, 0xf5,
    0xf, 0xff, 0xff, 0xff, 0xff, 0xff, 0xff, 0xf5,
    0x8, 0xff, 0xff, 0xff, 0xff, 0xff, 0xff, 0xf5,
    0x0, 0xaf, 0xff, 0xff, 0xff, 0xff, 0xff, 0xf5,
    0x0, 0x4, 0xad, 0xff, 0xff, 0xff, 0xff, 0xf3,

    /* U+0064 "d" */
    0xd, 0xff, 0xff, 0xff, 0xff, 0xff, 0xed, 0x93,
    0x0, 0x0, 0xff, 0xff, 0xff, 0xff, 0xff, 0xff,
    0xff, 0xf8, 0x0, 0x1f, 0xff, 0xff, 0xff, 0xff,
    0xff, 0xff, 0xff, 0xf6, 0x1, 0xff, 0xff, 0xff,
    0xff, 0xff, 0xff, 0xff, 0xff, 0xe0, 0x1f, 0xff,
    0xff, 0xff, 0xff, 0xff, 0xff, 0xff, 0xff, 0x21,
    0xff, 0xff, 0xff, 0x97, 0x77, 0xcf, 0xff, 0xff,
    0xf3, 0x1f, 0xff, 0xff, 0xf4, 0x0, 0x2, 0xff,
    0xff, 0xff, 0x41, 0xff, 0xff, 0xff, 0x40, 0x0,
    0x1f, 0xff, 0xff, 0xf4, 0x1f, 0xff, 0xff, 0xf4,
    0x0, 0x1, 0xff, 0xff, 0xff, 0x41, 0xff, 0xff,
    0xff, 0x40, 0x0, 0x1f, 0xff, 0xff, 0xf4, 0x1f,
    0xff, 0xff, 0xf4, 0x0, 0x1, 0xff, 0xff, 0xff,
    0x41, 0xff, 0xff, 0xff, 0x40, 0x0, 0x1f, 0xff,
    0xff, 0xf4, 0x1f, 0xff, 0xff, 0xf4, 0x0, 0x1,
    0xff, 0xff, 0xff, 0x41, 0xff, 0xff, 0xff, 0x40,
    0x0, 0x1f, 0xff, 0xff, 0xf4, 0x1f, 0xff, 0xff,
    0xf4, 0x0, 0x1, 0xff, 0xff, 0xff, 0x41, 0xff,
    0xff, 0xff, 0x96, 0x66, 0xbf, 0xff, 0xff, 0xf3,
    0x1f, 0xff, 0xff, 0xff, 0xff, 0xff, 0xff, 0xff,
    0xff, 0x21, 0xff, 0xff, 0xff, 0xff, 0xff, 0xff,
    0xff, 0xff, 0xe0, 0x1f, 0xff, 0xff, 0xff, 0xff,
    0xff, 0xff, 0xff, 0xf6, 0x0, 0xff, 0xff, 0xff,
    0xff, 0xff, 0xff, 0xff, 0xf8, 0x0, 0xd, 0xff,
    0xff, 0xff, 0xff, 0xff, 0xfd, 0x93, 0x0, 0x0,

    /* U+0065 "e" */
    0xd, 0xff, 0xff, 0xff, 0xff, 0xff, 0xff, 0xfb,
    0xf, 0xff, 0xff, 0xff, 0xff, 0xff, 0xff, 0xfe,
    0x1f, 0xff, 0xff, 0xff, 0xff, 0xff, 0xff, 0xff,
    0x1f, 0xff, 0xff, 0xff, 0xff, 0xff, 0xff, 0xff,
    0x1f, 0xff, 0xff, 0xff, 0xff, 0xff, 0xff, 0xfe,
    0x1f, 0xff, 0xff, 0xf8, 0x66, 0x66, 0x66, 0x63,
    0x1f, 0xff, 0xff, 0xf3, 0x0, 0x0, 0x0, 0x0,
    0x1f, 0xff, 0xff, 0xf3, 0x0, 0x0, 0x0, 0x0,
    0x1f, 0xff, 0xff, 0xff, 0xff, 0xff, 0xf7, 0x0,
    0x1f, 0xff, 0xff, 0xff, 0xff, 0xff, 0xfa, 0x0,
    0x1f, 0xff, 0xff, 0xff, 0xff, 0xff, 0xfa, 0x0,
    0x1f, 0xff, 0xff, 0xff, 0xff, 0xff, 0xfa, 0x0,
    0x1f, 0xff, 0xff, 0xff, 0xff, 0xff, 0xf8, 0x0,
    0x1f, 0xff, 0xff, 0xf4, 0x11, 0x11, 0x10, 0x0,
    0x1f, 0xff, 0xff, 0xf3, 0x0, 0x0, 0x0, 0x0,
    0x1f, 0xff, 0xff, 0xf8, 0x66, 0x66, 0x66, 0x63,
    0x1f, 0xff, 0xff, 0xff, 0xff, 0xff, 0xff, 0xfe,
    0x1f, 0xff, 0xff, 0xff, 0xff, 0xff, 0xff, 0xff,
    0x1f, 0xff, 0xff, 0xff, 0xff, 0xff, 0xff, 0xff,
    0xf, 0xff, 0xff, 0xff, 0xff, 0xff, 0xff, 0xfe,
    0xd, 0xff, 0xff, 0xff, 0xff, 0xff, 0xff, 0xfb,

    /* U+0066 "f" */
    0xd, 0xff, 0xff, 0xff, 0xff, 0xff, 0xff, 0xf4,
    0xf, 0xff, 0xff, 0xff, 0xff, 0xff, 0xff, 0xf6,
    0x1f, 0xff, 0xff, 0xff, 0xff, 0xff, 0xff, 0xf7,
    0x1f, 0xff, 0xff, 0xff, 0xff, 0xff, 0xff, 0xf7,
    0x1f, 0xff, 0xff, 0xff, 0xff, 0xff, 0xff, 0xf6,
    0x1f, 0xff, 0xff, 0xf9, 0x77, 0x77, 0x77, 0x70,
    0x1f, 0xff, 0xff, 0xf4, 0x0, 0x0, 0x0, 0x0,
    0x1f, 0xff, 0xff, 0xf4, 0x0, 0x0, 0x0, 0x0,
    0x1f, 0xff, 0xff, 0xf4, 0x0, 0x0, 0x0, 0x0,
    0x1f, 0xff, 0xff, 0xff, 0xff, 0xff, 0xe1, 0x0,
    0x1f, 0xff, 0xff, 0xff, 0xff, 0xff, 0xf2, 0x0,
    0x1f, 0xff, 0xff, 0xff, 0xff, 0xff, 0xf2, 0x0,
    0x1f, 0xff, 0xff, 0xff, 0xff, 0xff, 0xf2, 0x0,
    0x1f, 0xff, 0xff, 0xff, 0xff, 0xff, 0xf2, 0x0,
    0x1f, 0xff, 0xff, 0xfa, 0x77, 0x77, 0x60, 0x0,
    0x1f, 0xff, 0xff, 0xf4, 0x0, 0x0, 0x0, 0x0,
    0x1f, 0xff, 0xff, 0xf4, 0x0, 0x0, 0x0, 0x0,
    0x1f, 0xff, 0xff, 0xf4, 0x0, 0x0, 0x0, 0x0,
    0x1f, 0xff, 0xff, 0xf4, 0x0, 0x0, 0x0, 0x0,
    0xf, 0xff, 0xff, 0xf4, 0x0, 0x0, 0x0, 0x0,
    0xd, 0xff, 0xff, 0xf2, 0x0, 0x0, 0x0, 0x0,

    /* U+0067 "g" */
    0x0, 0x4, 0x9d, 0xff, 0xff, 0xff, 0xff, 0xf5,
    0x0, 0x0, 0xaf, 0xff, 0xff, 0xff, 0xff, 0xff,
    0xf8, 0x0, 0x8, 0xff, 0xff, 0xff, 0xff, 0xff,
    0xff, 0xf8, 0x0, 0xf, 0xff, 0xff, 0xff, 0xff,
    0xff, 0xff, 0xf8, 0x0, 0x3f, 0xff, 0xff, 0xff,
    0xff, 0xff, 0xff, 0xf7, 0x0, 0x5f, 0xff, 0xff,
    0xfd, 0x88, 0x88, 0x88, 0x71, 0x0, 0x6f, 0xff,
    0xff, 0xf1, 0x0, 0x0, 0x0, 0x0, 0x0, 0x6f,
    0xff, 0xff, 0xf0, 0x0, 0x0, 0x0, 0x0, 0x0,
    0x6f, 0xff, 0xff, 0xf0, 0x0, 0x0, 0x0, 0x0,
    0x0, 0x6f, 0xff, 0xff, 0xf0, 0x0, 0x0, 0x22,
    0x22, 0x10, 0x6f, 0xff, 0xff, 0xf0, 0x0, 0xe,
    0xff, 0xff, 0xf3, 0x6f, 0xff, 0xff, 0xf0, 0x0,
    0xf, 0xff, 0xff, 0xf5, 0x6f, 0xff, 0xff, 0xf0,
    0x0, 0xf, 0xff, 0xff, 0xf5, 0x6f, 0xff, 0xff,
    0xf0, 0x0, 0xf, 0xff, 0xff, 0xf5, 0x6f, 0xff,
    0xff, 0xf0, 0x0, 0xf, 0xff, 0xff, 0xf5, 0x5f,
    0xff, 0xff, 0xfa, 0x66, 0x6f, 0xff, 0xff, 0xf5,
    0x3f, 0xff, 0xff, 0xff, 0xff, 0xff, 0xff, 0xff,
    0xf5, 0xf, 0xff, 0xff, 0xff, 0xff, 0xff, 0xff,
    0xff, 0xf5, 0x8, 0xff, 0xff, 0xff, 0xff, 0xff,
    0xff, 0xff, 0xf5, 0x0, 0xaf, 0xff, 0xff, 0xff,
    0xff, 0xff, 0xff, 0xf5, 0x0, 0x4, 0xad, 0xff,
    0xff, 0xff, 0xff, 0xff, 0xf3,

    /* U+0068 "h" */
    0xd, 0xff, 0xff, 0xe2, 0x0, 0x0, 0xdf, 0xff,
    0xff, 0x20, 0xff, 0xff, 0xff, 0x40, 0x0, 0xf,
    0xff, 0xff, 0xf4, 0x1f, 0xff, 0xff, 0xf4, 0x0,
    0x0, 0xff, 0xff, 0xff, 0x51, 0xff, 0xff, 0xff,
    0x40, 0x0, 0xf, 0xff, 0xff, 0xf5, 0x1f, 0xff,
    0xff, 0xf4, 0x0, 0x0, 0xff, 0xff, 0xff, 0x51,
    0xff, 0xff, 0xff, 0x40, 0x0, 0xf, 0xff, 0xff,
    0xf5, 0x1f, 0xff, 0xff, 0xf4, 0x0, 0x0, 0xff,
    0xff, 0xff, 0x51, 0xff, 0xff, 0xff, 0x40, 0x0,
    0xf, 0xff, 0xff, 0xf5, 0x1f, 0xff, 0xff, 0xff,
    0xff, 0xff, 0xff, 0xff, 0xff, 0x51, 0xff, 0xff,
    0xff, 0xff, 0xff, 0xff, 0xff, 0xff, 0xf5, 0x1f,
    0xff, 0xff, 0xff, 0xff, 0xff, 0xff, 0xff, 0xff,
    0x51, 0xff, 0xff, 0xff, 0xff, 0xff, 0xff, 0xff,
    0xff, 0xf5, 0x1f, 0xff, 0xff, 0xff, 0xff, 0xff,
    0xff, 0xff, 0xff, 0x51, 0xff, 0xff, 0xff, 0xff,
    0xff, 0xff, 0xff, 0xff, 0xf5, 0x1f, 0xff, 0xff,
    0xf4, 0x0, 0x0, 0xff, 0xff, 0xff, 0x51, 0xff,
    0xff, 0xff, 0x40, 0x0, 0xf, 0xff, 0xff, 0xf5,
    0x1f, 0xff, 0xff, 0xf4, 0x0, 0x0, 0xff, 0xff,
    0xff, 0x51, 0xff, 0xff, 0xff, 0x40, 0x0, 0xf,
    0xff, 0xff, 0xf5, 0x1f, 0xff, 0xff, 0xf4, 0x0,
    0x0, 0xff, 0xff, 0xff, 0x50, 0xff, 0xff, 0xff,
    0x40, 0x0, 0xf, 0xff, 0xff, 0xf4, 0xd, 0xff,
    0xff, 0xe1, 0x0, 0x0, 0xcf, 0xff, 0xff, 0x20,

    /* U+0069 "i" */
    0x5f, 0xff, 0xff, 0xff, 0xff, 0xff, 0xff, 0x48,
    0xff, 0xff, 0xff, 0xff, 0xff, 0xff, 0xf6, 0x8f,
    0xff, 0xff, 0xff, 0xff, 0xff, 0xff, 0x68, 0xff,
    0xff, 0xff, 0xff, 0xff, 0xff, 0xf6, 0x7f, 0xff,
    0xff, 0xff, 0xff, 0xff, 0xff, 0x61, 0x78, 0x8d,
    0xff, 0xff, 0xfd, 0x88, 0x71, 0x0, 0x0, 0xbf,
    0xff, 0xff, 0xb0, 0x0, 0x0, 0x0, 0xb, 0xff,
    0xff, 0xfb, 0x0, 0x0, 0x0, 0x0, 0xbf, 0xff,
    0xff, 0xb0, 0x0, 0x0, 0x0, 0xb, 0xff, 0xff,
    0xfb, 0x0, 0x0, 0x0, 0x0, 0xbf, 0xff, 0xff,
    0xb0, 0x0, 0x0, 0x0, 0xb, 0xff, 0xff, 0xfb,
    0x0, 0x0, 0x0, 0x0, 0xbf, 0xff, 0xff, 0xb0,
    0x0, 0x0, 0x0, 0xb, 0xff, 0xff, 0xfb, 0x0,
    0x0, 0x0, 0x0, 0xbf, 0xff, 0xff, 0xb0, 0x0,
    0x1, 0x67, 0x7d, 0xff, 0xff, 0xfd, 0x77, 0x60,
    0x7f, 0xff, 0xff, 0xff, 0xff, 0xff, 0xff, 0x68,
    0xff, 0xff, 0xff, 0xff, 0xff, 0xff, 0xf6, 0x8f,
    0xff, 0xff, 0xff, 0xff, 0xff, 0xff, 0x68, 0xff,
    0xff, 0xff, 0xff, 0xff, 0xff, 0xf6, 0x5f, 0xff,
    0xff, 0xff, 0xff, 0xff, 0xff, 0x40,

    /* U+006A "j" */
    0x0, 0x0, 0x0, 0x0, 0x0, 0xbf, 0xff, 0xff,
    0x40, 0x0, 0x0, 0x0, 0x0, 0xe, 0xff, 0xff,
    0xf7, 0x0, 0x0, 0x0, 0x0, 0x0, 0xff, 0xff,
    0xff, 0x70, 0x0, 0x0, 0x0, 0x0, 0xf, 0xff,
    0xff, 0xf7, 0x0, 0x0, 0x0, 0x0, 0x0, 0xff,
    0xff, 0xff, 0x70, 0x0, 0x0, 0x0, 0x0, 0xf,
    0xff, 0xff, 0xf7, 0x0, 0x0, 0x0, 0x0, 0x0,
    0xff, 0xff, 0xff, 0x70, 0x0, 0x0, 0x0, 0x0,
    0xf, 0xff, 0xff, 0xf7, 0x0, 0x0, 0x0, 0x0,
    0x0, 0xff, 0xff, 0xff, 0x73, 0x77, 0x77, 0x60,
    0x0, 0xf, 0xff, 0xff, 0xf7, 0xdf, 0xff, 0xff,
    0x30, 0x0, 0xff, 0xff, 0xff, 0x7d, 0xff, 0xff,
    0xf3, 0x0, 0xf, 0xff, 0xff, 0xf7, 0xdf, 0xff,
    0xff, 0x30, 0x0, 0xff, 0xff, 0xff, 0x7d, 0xff,
    0xff, 0xf3, 0x0, 0xf, 0xff, 0xff, 0xf7, 0xdf,
    0xff, 0xff, 0x50, 0x0, 0xff, 0xff, 0xff, 0x7d,
    0xff, 0xff, 0xff, 0xba, 0xdf, 0xff, 0xff, 0xf6,
    0xbf, 0xff, 0xff, 0xff, 0xff, 0xff, 0xff, 0xff,
    0x57, 0xff, 0xff, 0xff, 0xff, 0xff, 0xff, 0xff,
    0xf1, 0x1e, 0xff, 0xff, 0xff, 0xff, 0xff, 0xff,
    0xf9, 0x0, 0x3d, 0xff, 0xff, 0xff, 0xff, 0xff,
    0xf9, 0x0, 0x0, 0x5, 0xad, 0xef, 0xff, 0xec,
    0x83, 0x0, 0x0,

    /* U+006B "k" */
    0xd, 0xff, 0xff, 0xf2, 0x0, 0x5, 0xef, 0xff,
    0xfa, 0x0, 0xff, 0xff, 0xff, 0x40, 0x0, 0xef,
    0xff, 0xff, 0x60, 0x1f, 0xff, 0xff, 0xf4, 0x0,
    0x5f, 0xff, 0xff, 0xf0, 0x1, 0xff, 0xff, 0xff,
    0x40, 0xb, 0xff, 0xff, 0xf9, 0x0, 0x1f, 0xff,
    0xff, 0xf4, 0x2, 0xff, 0xff, 0xff, 0x30, 0x1,
    0xff, 0xff, 0xff, 0x40, 0x8f, 0xff, 0xff, 0xc0,
    0x0, 0x1f, 0xff, 0xff, 0xf4, 0xe, 0xff, 0xff,
    0xf6, 0x0, 0x1, 0xff, 0xff, 0xff, 0x46, 0xff,
    0xff, 0xff, 0x0, 0x0, 0x1f, 0xff, 0xff, 0xff,
    0xff, 0xff, 0xff, 0xfe, 0x80, 0x1, 0xff, 0xff,
    0xff, 0xff, 0xff, 0xff, 0xff, 0xff, 0x70, 0x1f,
    0xff, 0xff, 0xff, 0xff, 0xff, 0xff, 0xff, 0xff,
    0x1, 0xff, 0xff, 0xff, 0xff, 0xff, 0xff, 0xff,
    0xff, 0xf2, 0x1f, 0xff, 0xff, 0xff, 0xff, 0xff,
    0xff, 0xff, 0xff, 0x31, 0xff, 0xff, 0xff, 0x96,
    0x66, 0xbf, 0xff, 0xff, 0xf3, 0x1f, 0xff, 0xff,
    0xf4, 0x0, 0x2, 0xff, 0xff, 0xff, 0x31, 0xff,
    0xff, 0xff, 0x40, 0x0, 0x2f, 0xff, 0xff, 0xf3,
    0x1f, 0xff, 0xff, 0xf4, 0x0, 0x2, 0xff, 0xff,
    0xff, 0x31, 0xff, 0xff, 0xff, 0x40, 0x0, 0x2f,
    0xff, 0xff, 0xf3, 0x1f, 0xff, 0xff, 0xf4, 0x0,
    0x2, 0xff, 0xff, 0xff, 0x30, 0xff, 0xff, 0xff,
    0x40, 0x0, 0x1f, 0xff, 0xff, 0xf3, 0xd, 0xff,
    0xff, 0xf2, 0x0, 0x0, 0xef, 0xff, 0xfe, 0x10,

    /* U+006C "l" */
    0xd, 0xff, 0xff, 0xf2, 0x0, 0x0, 0x0, 0x0,
    0x0, 0xf, 0xff, 0xff, 0xf4, 0x0, 0x0, 0x0,
    0x0, 0x0, 0x1f, 0xff, 0xff, 0xf4, 0x0, 0x0,
    0x0, 0x0, 0x0, 0x1f, 0xff, 0xff, 0xf4, 0x0,
    0x0, 0x0, 0x0, 0x0, 0x1f, 0xff, 0xff, 0xf4,
    0x0, 0x0, 0x0, 0x0, 0x0, 0x1f, 0xff, 0xff,
    0xf4, 0x0, 0x0, 0x0, 0x0, 0x0, 0x1f, 0xff,
    0xff, 0xf4, 0x0, 0x0, 0x0, 0x0, 0x0, 0x1f,
    0xff, 0xff, 0xf4, 0x0, 0x0, 0x0, 0x0, 0x0,
    0x1f, 0xff, 0xff, 0xf4, 0x0, 0x0, 0x0, 0x0,
    0x0, 0x1f, 0xff, 0xff, 0xf4, 0x0, 0x1, 0x33,
    0x33, 0x20, 0x1f, 0xff, 0xff, 0xf4, 0x0, 0xc,
    0xff, 0xff, 0xf2, 0x1f, 0xff, 0xff, 0xf4, 0x0,
    0xe, 0xff, 0xff, 0xf3, 0x1f, 0xff, 0xff, 0xf4,
    0x0, 0xe, 0xff, 0xff, 0xf3, 0x1f, 0xff, 0xff,
    0xf4, 0x0, 0xe, 0xff, 0xff, 0xf3, 0x1f, 0xff,
    0xff, 0xf4, 0x0, 0xe, 0xff, 0xff, 0xf3, 0x1f,
    0xff, 0xff, 0xf9, 0x66, 0x6e, 0xff, 0xff, 0xf3,
    0x1f, 0xff, 0xff, 0xff, 0xff, 0xff, 0xff, 0xff,
    0xf3, 0x1f, 0xff, 0xff, 0xff, 0xff, 0xff, 0xff,
    0xff, 0xf3, 0x1f, 0xff, 0xff, 0xff, 0xff, 0xff,
    0xff, 0xff, 0xf3, 0xf, 0xff, 0xff, 0xff, 0xff,
    0xff, 0xff, 0xff, 0xf3, 0xd, 0xff, 0xff, 0xff,
    0xff, 0xff, 0xff, 0xff, 0xe1,

    /* U+006D "m" */
    0xd, 0xff, 0xff, 0xf6, 0x0, 0x0, 0x0, 0x9f,
    0xff, 0xff, 0xa0, 0xff, 0xff, 0xff, 0xf1, 0x0,
    0x0, 0x4f, 0xff, 0xff, 0xfd, 0x1f, 0xff, 0xff,
    0xff, 0x80, 0x0, 0xc, 0xff, 0xff, 0xff, 0xd1,
    0xff, 0xff, 0xff, 0xff, 0x10, 0x4, 0xff, 0xff,
    0xff, 0xfd, 0x1f, 0xff, 0xff, 0xff, 0xf8, 0x0,
    0xcf, 0xff, 0xff, 0xff, 0xd1, 0xff, 0xff, 0xff,
    0xff, 0xf1, 0x4f, 0xff, 0xff, 0xff, 0xfd, 0x1f,
    0xff, 0xff, 0xff, 0xff, 0xbd, 0xff, 0xff, 0xff,
    0xff, 0xd1, 0xff, 0xff, 0xff, 0xff, 0xff, 0xff,
    0xff, 0xff, 0xff, 0xfd, 0x1f, 0xff, 0xff, 0xff,
    0xff, 0xff, 0xff, 0xff, 0xff, 0xff, 0xd1, 0xff,
    0xff, 0xff, 0xff, 0xff, 0xff, 0xff, 0xff, 0xff,
    0xfd, 0x1f, 0xff, 0xff, 0xfb, 0xff, 0xff, 0xff,
    0xbf, 0xff, 0xff, 0xd1, 0xff, 0xff, 0xff, 0x3f,
    0xff, 0xff, 0xb7, 0xff, 0xff, 0xfd, 0x1f, 0xff,
    0xff, 0xf2, 0x8f, 0xff, 0xf2, 0x7f, 0xff, 0xff,
    0xd1, 0xff, 0xff, 0xff, 0x20, 0xbf, 0xf7, 0x7,
    0xff, 0xff, 0xfd, 0x1f, 0xff, 0xff, 0xf2, 0x0,
    0x0, 0x0, 0x7f, 0xff, 0xff, 0xd1, 0xff, 0xff,
    0xff, 0x20, 0x0, 0x0, 0x7, 0xff, 0xff, 0xfd,
    0x1f, 0xff, 0xff, 0xf2, 0x0, 0x0, 0x0, 0x7f,
    0xff, 0xff, 0xd1, 0xff, 0xff, 0xff, 0x20, 0x0,
    0x0, 0x7, 0xff, 0xff, 0xfd, 0x1f, 0xff, 0xff,
    0xf2, 0x0, 0x0, 0x0, 0x7f, 0xff, 0xff, 0xd0,
    0xff, 0xff, 0xff, 0x10, 0x0, 0x0, 0x7, 0xff,
    0xff, 0xfd, 0xd, 0xff, 0xff, 0xe0, 0x0, 0x0,
    0x0, 0x5f, 0xff, 0xff, 0xa0,

    /* U+006E "n" */
    0xd, 0xff, 0xfd, 0x30, 0x0, 0x0, 0xdf, 0xff,
    0xfe, 0x0, 0xff, 0xff, 0xfe, 0x20, 0x0, 0xf,
    0xff, 0xff, 0xf2, 0x1f, 0xff, 0xff, 0xfd, 0x10,
    0x1, 0xff, 0xff, 0xff, 0x21, 0xff, 0xff, 0xff,
    0xfb, 0x0, 0x1f, 0xff, 0xff, 0xf2, 0x1f, 0xff,
    0xff, 0xff, 0xf9, 0x1, 0xff, 0xff, 0xff, 0x21,
    0xff, 0xff, 0xff, 0xff, 0xf7, 0x1f, 0xff, 0xff,
    0xf2, 0x1f, 0xff, 0xff, 0xff, 0xff, 0xf5, 0xff,
    0xff, 0xff, 0x21, 0xff, 0xff, 0xff, 0xff, 0xff,
    0xff, 0xff, 0xff, 0xf2, 0x1f, 0xff, 0xff, 0xff,
    0xff, 0xff, 0xff, 0xff, 0xff, 0x21, 0xff, 0xff,
    0xff, 0xff, 0xff, 0xff, 0xff, 0xff, 0xf2, 0x1f,
    0xff, 0xff, 0xfd, 0xff, 0xff, 0xff, 0xff, 0xff,
    0x21, 0xff, 0xff, 0xff, 0x3d, 0xff, 0xff, 0xff,
    0xff, 0xf2, 0x1f, 0xff, 0xff, 0xf2, 0x2f, 0xff,
    0xff, 0xff, 0xff, 0x21, 0xff, 0xff, 0xff, 0x20,
    0x5f, 0xff, 0xff, 0xff, 0xf2, 0x1f, 0xff, 0xff,
    0xf2, 0x0, 0x8f, 0xff, 0xff, 0xff, 0x21, 0xff,
    0xff, 0xff, 0x20, 0x0, 0xbf, 0xff, 0xff, 0xf2,
    0x1f, 0xff, 0xff, 0xf2, 0x0, 0x1, 0xff, 0xff,
    0xff, 0x21, 0xff, 0xff, 0xff, 0x20, 0x0, 0x1f,
    0xff, 0xff, 0xf2, 0x1f, 0xff, 0xff, 0xf2, 0x0,
    0x1, 0xff, 0xff, 0xff, 0x20, 0xff, 0xff, 0xff,
    0x20, 0x0, 0xf, 0xff, 0xff, 0xf2, 0xd, 0xff,
    0xff, 0xe0, 0x0, 0x0, 0xdf, 0xff, 0xfe, 0x0,

    /* U+006F "o" */
    0x0, 0x1, 0x6a, 0xde, 0xff, 0xfe, 0xc9, 0x40,
    0x0, 0x0, 0x7, 0xff, 0xff, 0xff, 0xff, 0xff,
    0xff, 0xd3, 0x0, 0x7, 0xff, 0xff, 0xff, 0xff,
    0xff, 0xff, 0xff, 0xf2, 0x0, 0xff, 0xff, 0xff,
    0xff, 0xff, 0xff, 0xff, 0xff, 0xa0, 0x4f, 0xff,
    0xff, 0xff, 0xff, 0xff, 0xff, 0xff, 0xfe, 0x5,
    0xff, 0xff, 0xff, 0xd9, 0x9a, 0xff, 0xff, 0xff,
    0xf0, 0x6f, 0xff, 0xff, 0xf1, 0x0, 0x6, 0xff,
    0xff, 0xff, 0x6, 0xff, 0xff, 0xff, 0x0, 0x0,
    0x5f, 0xff, 0xff, 0xf0, 0x6f, 0xff, 0xff, 0xf0,
    0x0, 0x5, 0xff, 0xff, 0xff, 0x6, 0xff, 0xff,
    0xff, 0x0, 0x0, 0x5f, 0xff, 0xff, 0xf0, 0x6f,
    0xff, 0xff, 0xf0, 0x0, 0x5, 0xff, 0xff, 0xff,
    0x6, 0xff, 0xff, 0xff, 0x0, 0x0, 0x5f, 0xff,
    0xff, 0xf0, 0x6f, 0xff, 0xff, 0xf0, 0x0, 0x5,
    0xff, 0xff, 0xff, 0x6, 0xff, 0xff, 0xff, 0x0,
    0x0, 0x5f, 0xff, 0xff, 0xf0, 0x6f, 0xff, 0xff,
    0xf1, 0x0, 0x6, 0xff, 0xff, 0xff, 0x5, 0xff,
    0xff, 0xff, 0xd8, 0x89, 0xef, 0xff, 0xff, 0xf0,
    0x4f, 0xff, 0xff, 0xff, 0xff, 0xff, 0xff, 0xff,
    0xfe, 0x0, 0xff, 0xff, 0xff, 0xff, 0xff, 0xff,
    0xff, 0xff, 0xa0, 0x7, 0xff, 0xff, 0xff, 0xff,
    0xff, 0xff, 0xff, 0xf2, 0x0, 0x7, 0xff, 0xff,
    0xff, 0xff, 0xff, 0xff, 0xd3, 0x0, 0x0, 0x1,
    0x6a, 0xde, 0xff, 0xfe, 0xc9, 0x50, 0x0, 0x0,

    /* U+0070 "p" */
    0xd, 0xff, 0xff, 0xff, 0xff, 0xff, 0xda, 0x30,
    0x0, 0xf, 0xff, 0xff, 0xff, 0xff, 0xff, 0xff,
    0xf8, 0x0, 0x1f, 0xff, 0xff, 0xff, 0xff, 0xff,
    0xff, 0xff, 0x50, 0x1f, 0xff, 0xff, 0xff, 0xff,
    0xff, 0xff, 0xff, 0xc0, 0x1f, 0xff, 0xff, 0xff,
    0xff, 0xff, 0xff, 0xff, 0xf0, 0x1f, 0xff, 0xff,
    0xf7, 0x55, 0x9f, 0xff, 0xff, 0xf1, 0x1f, 0xff,
    0xff, 0xf3, 0x0, 0xf, 0xff, 0xff, 0xf1, 0x1f,
    0xff, 0xff, 0xf3, 0x0, 0xf, 0xff, 0xff, 0xf1,
    0x1f, 0xff, 0xff, 0xf3, 0x0, 0xf, 0xff, 0xff,
    0xf1, 0x1f, 0xff, 0xff, 0xf3, 0x0, 0x4f, 0xff,
    0xff, 0xf1, 0x1f, 0xff, 0xff, 0xff, 0xff, 0xff,
    0xff, 0xff, 0xf0, 0x1f, 0xff, 0xff, 0xff, 0xff,
    0xff, 0xff, 0xff, 0xd0, 0x1f, 0xff, 0xff, 0xff,
    0xff, 0xff, 0xff, 0xff, 0x60, 0x1f, 0xff, 0xff,
    0xff, 0xff, 0xff, 0xff, 0xfb, 0x0, 0x1f, 0xff,
    0xff, 0xff, 0xff, 0xff, 0xfc, 0x60, 0x0, 0x1f,
    0xff, 0xff, 0xf6, 0x22, 0x21, 0x0, 0x0, 0x0,
    0x1f, 0xff, 0xff, 0xf4, 0x0, 0x0, 0x0, 0x0,
    0x0, 0x1f, 0xff, 0xff, 0xf4, 0x0, 0x0, 0x0,
    0x0, 0x0, 0x1f, 0xff, 0xff, 0xf4, 0x0, 0x0,
    0x0, 0x0, 0x0, 0xf, 0xff, 0xff, 0xf4, 0x0,
    0x0, 0x0, 0x0, 0x0, 0xd, 0xff, 0xff, 0xf2,
    0x0, 0x0, 0x0, 0x0, 0x0,

    /* U+0071 "q" */
    0x0, 0x1, 0x6a, 0xde, 0xff, 0xfe, 0xc9, 0x40,
    0x0, 0x0, 0x6, 0xff, 0xff, 0xff, 0xff, 0xff,
    0xff, 0xd3, 0x0, 0x6, 0xff, 0xff, 0xff, 0xff,
    0xff, 0xff, 0xff, 0xf2, 0x0, 0xef, 0xff, 0xff,
    0xff, 0xff, 0xff, 0xff, 0xff, 0x90, 0x3f, 0xff,
    0xff, 0xff, 0xff, 0xff, 0xff, 0xff, 0xfe, 0x5,
    0xff, 0xff, 0xff, 0xea, 0x9b, 0xff, 0xff, 0xff,
    0xf0, 0x6f, 0xff, 0xff, 0xf1, 0x0, 0x6, 0xff,
    0xff, 0xff, 0x6, 0xff, 0xff, 0xff, 0x0, 0x0,
    0x5f, 0xff, 0xff, 0xf0, 0x6f, 0xff, 0xff, 0xf0,
    0x0, 0x5, 0xff, 0xff, 0xff, 0x6, 0xff, 0xff,
    0xff, 0x0, 0x0, 0x5f, 0xff, 0xff, 0xf0, 0x6f,
    0xff, 0xff, 0xf0, 0x0, 0x5, 0xff, 0xff, 0xff,
    0x6, 0xff, 0xff, 0xff, 0x0, 0x0, 0x5f, 0xff,
    0xff, 0xf0, 0x6f, 0xff, 0xff, 0xf0, 0x0, 0x5,
    0xff, 0xff, 0xff, 0x6, 0xff, 0xff, 0xff, 0x0,
    0x0, 0x5f, 0xff, 0xff, 0xf0, 0x6f, 0xff, 0xff,
    0xf0, 0x0, 0x5, 0xff, 0xff, 0xff, 0x5, 0xff,
    0xff, 0xff, 0x60, 0x1, 0xaf, 0xff, 0xff, 0xf0,
    0x4f, 0xff, 0xff, 0xff, 0xff, 0xff, 0xff, 0xff,
    0xfe, 0x0, 0xff, 0xff, 0xff, 0xff, 0xff, 0xff,
    0xff, 0xff, 0xa0, 0x8, 0xff, 0xff, 0xff, 0xff,
    0xff, 0xff, 0xff, 0xf2, 0x0, 0x9, 0xff, 0xff,
    0xff, 0xff, 0xff, 0xff, 0xf4, 0x0, 0x0, 0x2,
    0x8c, 0xff, 0xff, 0xff, 0xeb, 0x71, 0x0, 0x0,
    0x0, 0x0, 0xd, 0xff, 0xff, 0xf7, 0x0, 0x0,
    0x0, 0x0, 0x0, 0x0, 0xdf, 0xff, 0xff, 0x70,
    0x0, 0x0, 0x0, 0x0, 0x0, 0x4, 0x88, 0x88,
    0x71, 0x0, 0x0, 0x0,

    /* U+0072 "r" */
    0xd, 0xff, 0xff, 0xff, 0xff, 0xff, 0xeb, 0x50,
    0x0, 0x0, 0xff, 0xff, 0xff, 0xff, 0xff, 0xff,
    0xff, 0xa0, 0x0, 0x1f, 0xff, 0xff, 0xff, 0xff,
    0xff, 0xff, 0xff, 0x40, 0x1, 0xff, 0xff, 0xff,
    0xff, 0xff, 0xff, 0xff, 0xf9, 0x0, 0x1f, 0xff,
    0xff, 0xff, 0xff, 0xff, 0xff, 0xff, 0xb0, 0x1,
    0xff, 0xff, 0xff, 0x52, 0x2c, 0xff, 0xff, 0xfc,
    0x0, 0x1f, 0xff, 0xff, 0xf4, 0x0, 0x7f, 0xff,
    0xff, 0xc0, 0x1, 0xff, 0xff, 0xff, 0x40, 0x6,
    0xff, 0xff, 0xfa, 0x0, 0x1f, 0xff, 0xff, 0xf4,
    0x0, 0xbf, 0xff, 0xff, 0x40, 0x1, 0xff, 0xff,
    0xff, 0xff, 0xff, 0xff, 0xff, 0xb1, 0x0, 0x1f,
    0xff, 0xff, 0xff, 0xff, 0xff, 0xff, 0xff, 0xf4,
    0x1, 0xff, 0xff, 0xff, 0xff, 0xff, 0xff, 0xff,
    0xff, 0xf1, 0x1f, 0xff, 0xff, 0xff, 0xff, 0xff,
    0xff, 0xff, 0xff, 0x61, 0xff, 0xff, 0xff, 0xff,
    0xff, 0xff, 0xff, 0xff, 0xf8, 0x1f, 0xff, 0xff,
    0xf5, 0x22, 0x23, 0xef, 0xff, 0xff, 0x91, 0xff,
    0xff, 0xff, 0x40, 0x0, 0xc, 0xff, 0xff, 0xf9,
    0x1f, 0xff, 0xff, 0xf4, 0x0, 0x0, 0xcf, 0xff,
    0xff, 0x91, 0xff, 0xff, 0xff, 0x40, 0x0, 0xc,
    0xff, 0xff, 0xf9, 0x1f, 0xff, 0xff, 0xf4, 0x0,
    0x0, 0xcf, 0xff, 0xff, 0x90, 0xff, 0xff, 0xff,
    0x40, 0x0, 0xb, 0xff, 0xff, 0xf9, 0xd, 0xff,
    0xff, 0xe2, 0x0, 0x0, 0x8f, 0xff, 0xff, 0x60,

    /* U+0073 "s" */
    0x0, 0x18, 0xdf, 0xff, 0xff, 0xff, 0xff, 0xd0,
    0x0, 0x3e, 0xff, 0xff, 0xff, 0xff, 0xff, 0xff,
    0x10, 0xe, 0xff, 0xff, 0xff, 0xff, 0xff, 0xff,
    0xf1, 0x5, 0xff, 0xff, 0xff, 0xff, 0xff, 0xff,
    0xff, 0x10, 0x8f, 0xff, 0xff, 0xff, 0xff, 0xff,
    0xff, 0xf0, 0x9, 0xff, 0xff, 0xff, 0x87, 0x77,
    0x77, 0x75, 0x0, 0x9f, 0xff, 0xff, 0xd0, 0x0,
    0x0, 0x0, 0x0, 0x9, 0xff, 0xff, 0xff, 0xc9,
    0x74, 0x20, 0x0, 0x0, 0x8f, 0xff, 0xff, 0xff,
    0xff, 0xff, 0xe9, 0x10, 0x7, 0xff, 0xff, 0xff,
    0xff, 0xff, 0xff, 0xfe, 0x20, 0x3f, 0xff, 0xff,
    0xff, 0xff, 0xff, 0xff, 0xfa, 0x0, 0x9f, 0xff,
    0xff, 0xff, 0xff, 0xff, 0xff, 0xf0, 0x0, 0x5c,
    0xff, 0xff, 0xff, 0xff, 0xff, 0xff, 0x0, 0x0,
    0x1, 0x36, 0x8a, 0xff, 0xff, 0xff, 0xf1, 0x0,
    0x0, 0x0, 0x0, 0x5, 0xff, 0xff, 0xff, 0x11,
    0x66, 0x66, 0x66, 0x66, 0xbf, 0xff, 0xff, 0xf1,
    0x8f, 0xff, 0xff, 0xff, 0xff, 0xff, 0xff, 0xff,
    0x9, 0xff, 0xff, 0xff, 0xff, 0xff, 0xff, 0xff,
    0xd0, 0x9f, 0xff, 0xff, 0xff, 0xff, 0xff, 0xff,
    0xf7, 0x9, 0xff, 0xff, 0xff, 0xff, 0xff, 0xff,
    0xfa, 0x0, 0x6f, 0xff, 0xff, 0xff, 0xff, 0xfe,
    0xb5, 0x0, 0x0,

    /* U+0074 "t" */
    0x1e, 0xff, 0xff, 0xff, 0xff, 0xff, 0xff, 0xff,
    0xf6, 0x3f, 0xff, 0xff, 0xff, 0xff, 0xff, 0xff,
    0xff, 0xf9, 0x3f, 0xff, 0xff, 0xff, 0xff, 0xff,
    0xff, 0xff, 0xf9, 0x3f, 0xff, 0xff, 0xff, 0xff,
    0xff, 0xff, 0xff, 0xf9, 0x3f, 0xff, 0xff, 0xff,
    0xff, 0xff, 0xff, 0xff, 0xf8, 0x7, 0x88, 0x88,
    0xff, 0xff, 0xff, 0xb8, 0x88, 0x82, 0x0, 0x0,
    0x1, 0xff, 0xff, 0xff, 0x70, 0x0, 0x0, 0x0,
    0x0, 0x1, 0xff, 0xff, 0xff, 0x70, 0x0, 0x0,
    0x0, 0x0, 0x1, 0xff, 0xff, 0xff, 0x70, 0x0,
    0x0, 0x0, 0x0, 0x1, 0xff, 0xff, 0xff, 0x70,
    0x0, 0x0, 0x0, 0x0, 0x1, 0xff, 0xff, 0xff,
    0x70, 0x0, 0x0, 0x0, 0x0, 0x1, 0xff, 0xff,
    0xff, 0x70, 0x0, 0x0, 0x0, 0x0, 0x1, 0xff,
    0xff, 0xff, 0x70, 0x0, 0x0, 0x0, 0x0, 0x1,
    0xff, 0xff, 0xff, 0x70, 0x0, 0x0, 0x0, 0x0,
    0x1, 0xff, 0xff, 0xff, 0x70, 0x0, 0x0, 0x0,
    0x0, 0x1, 0xff, 0xff, 0xff, 0x70, 0x0, 0x0,
    0x0, 0x0, 0x1, 0xff, 0xff, 0xff, 0x70, 0x0,
    0x0, 0x0, 0x0, 0x1, 0xff, 0xff, 0xff, 0x70,
    0x0, 0x0, 0x0, 0x0, 0x1, 0xff, 0xff, 0xff,
    0x70, 0x0, 0x0, 0x0, 0x0, 0x1, 0xff, 0xff,
    0xff, 0x70, 0x0, 0x0, 0x0, 0x0, 0x0, 0xdf,
    0xff, 0xff, 0x40, 0x0, 0x0,

    /* U+0075 "u" */
    0x1e, 0xff, 0xff, 0xe1, 0x0, 0x1, 0xef, 0xff,
    0xfd, 0x3, 0xff, 0xff, 0xff, 0x30, 0x0, 0x2f,
    0xff, 0xff, 0xf1, 0x3f, 0xff, 0xff, 0xf3, 0x0,
    0x2, 0xff, 0xff, 0xff, 0x13, 0xff, 0xff, 0xff,
    0x30, 0x0, 0x2f, 0xff, 0xff, 0xf1, 0x3f, 0xff,
    0xff, 0xf3, 0x0, 0x2, 0xff, 0xff, 0xff, 0x13,
    0xff, 0xff, 0xff, 0x30, 0x0, 0x2f, 0xff, 0xff,
    0xf1, 0x3f, 0xff, 0xff, 0xf3, 0x0, 0x2, 0xff,
    0xff, 0xff, 0x13, 0xff, 0xff, 0xff, 0x30, 0x0,
    0x2f, 0xff, 0xff, 0xf1, 0x3f, 0xff, 0xff, 0xf3,
    0x0, 0x2, 0xff, 0xff, 0xff, 0x13, 0xff, 0xff,
    0xff, 0x30, 0x0, 0x2f, 0xff, 0xff, 0xf1, 0x3f,
    0xff, 0xff, 0xf3, 0x0, 0x2, 0xff, 0xff, 0xff,
    0x13, 0xff, 0xff, 0xff, 0x30, 0x0, 0x2f, 0xff,
    0xff, 0xf1, 0x3f, 0xff, 0xff, 0xf3, 0x0, 0x2,
    0xff, 0xff, 0xff, 0x13, 0xff, 0xff, 0xff, 0x30,
    0x0, 0x2f, 0xff, 0xff, 0xf1, 0x3f, 0xff, 0xff,
    0xf5, 0x0, 0x4, 0xff, 0xff, 0xff, 0x12, 0xff,
    0xff, 0xff, 0xfa, 0x9a, 0xff, 0xff, 0xff, 0xf1,
    0x1f, 0xff, 0xff, 0xff, 0xff, 0xff, 0xff, 0xff,
    0xff, 0x0, 0xdf, 0xff, 0xff, 0xff, 0xff, 0xff,
    0xff, 0xff, 0xb0, 0x4, 0xff, 0xff, 0xff, 0xff,
    0xff, 0xff, 0xff, 0xf3, 0x0, 0x5, 0xef, 0xff,
    0xff, 0xff, 0xff, 0xff, 0xe4, 0x0, 0x0, 0x0,
    0x5a, 0xce, 0xff, 0xfe, 0xc9, 0x50, 0x0, 0x0,

    /* U+0076 "v" */
    0x4f, 0xff, 0xff, 0xd0, 0x0, 0x4, 0xff, 0xff,
    0xfb, 0x7f, 0xff, 0xff, 0xf0, 0x0, 0x7, 0xff,
    0xff, 0xfe, 0x7f, 0xff, 0xff, 0xf1, 0x0, 0x7,
    0xff, 0xff, 0xfe, 0x7f, 0xff, 0xff, 0xf1, 0x0,
    0x7, 0xff, 0xff, 0xfe, 0x7f, 0xff, 0xff, 0xf1,
    0x0, 0x7, 0xff, 0xff, 0xfe, 0x7f, 0xff, 0xff,
    0xf1, 0x0, 0x7, 0xff, 0xff, 0xfe, 0x7f, 0xff,
    0xff, 0xf1, 0x0, 0x7, 0xff, 0xff, 0xfe, 0x7f,
    0xff, 0xff, 0xf1, 0x0, 0x7, 0xff, 0xff, 0xfe,
    0x7f, 0xff, 0xff, 0xf1, 0x0, 0x7, 0xff, 0xff,
    0xfe, 0x7f, 0xff, 0xff, 0xf1, 0x0, 0x8, 0xff,
    0xff, 0xfe, 0x5f, 0xff, 0xff, 0xf5, 0x0, 0xc,
    0xff, 0xff, 0xfc, 0x1f, 0xff, 0xff, 0xfa, 0x0,
    0x1f, 0xff, 0xff, 0xf8, 0xb, 0xff, 0xff, 0xff,
    0x0, 0x6f, 0xff, 0xff, 0xf2, 0x5, 0xff, 0xff,
    0xff, 0x40, 0xbf, 0xff, 0xff, 0xc0, 0x0, 0xff,
    0xff, 0xff, 0xa1, 0xff, 0xff, 0xff, 0x60, 0x0,
    0x9f, 0xff, 0xff, 0xff, 0xff, 0xff, 0xff, 0x10,
    0x0, 0x3f, 0xff, 0xff, 0xff, 0xff, 0xff, 0xfa,
    0x0, 0x0, 0xd, 0xff, 0xff, 0xff, 0xff, 0xff,
    0xf4, 0x0, 0x0, 0x7, 0xff, 0xff, 0xff, 0xff,
    0xff, 0xd0, 0x0, 0x0, 0x1, 0xff, 0xff, 0xff,
    0xff, 0xff, 0x70, 0x0, 0x0, 0x0, 0x8f, 0xff,
    0xff, 0xff, 0xfd, 0x10, 0x0,

    /* U+0077 "w" */
    0x2f, 0xff, 0xff, 0xc0, 0x0, 0x0, 0x0, 0x6f,
    0xff, 0xff, 0x64, 0xff, 0xff, 0xff, 0x0, 0x0,
    0x0, 0x9, 0xff, 0xff, 0xf9, 0x5f, 0xff, 0xff,
    0xf0, 0x0, 0x0, 0x0, 0x9f, 0xff, 0xff, 0x95,
    0xff, 0xff, 0xff, 0x0, 0x0, 0x0, 0x9, 0xff,
    0xff, 0xf9, 0x5f, 0xff, 0xff, 0xf0, 0x0, 0x0,
    0x0, 0x9f, 0xff, 0xff, 0x95, 0xff, 0xff, 0xff,
    0x0, 0x0, 0x0, 0x9, 0xff, 0xff, 0xf9, 0x5f,
    0xff, 0xff, 0xf0, 0x0, 0x0, 0x0, 0x9f, 0xff,
    0xff, 0x95, 0xff, 0xff, 0xff, 0x0, 0x58, 0x71,
    0x9, 0xff, 0xff, 0xf9, 0x5f, 0xff, 0xff, 0xf0,
    0x6f, 0xff, 0xd0, 0x9f, 0xff, 0xff, 0x95, 0xff,
    0xff, 0xff, 0xd, 0xff, 0xff, 0x49, 0xff, 0xff,
    0xf9, 0x5f, 0xff, 0xff, 0xf5, 0xff, 0xff, 0xfb,
    0x9f, 0xff, 0xff, 0x95, 0xff, 0xff, 0xff, 0xcf,
    0xff, 0xff, 0xfc, 0xff, 0xff, 0xf9, 0x4f, 0xff,
    0xff, 0xff, 0xff, 0xff, 0xff, 0xff, 0xff, 0xff,
    0x94, 0xff, 0xff, 0xff, 0xff, 0xff, 0xff, 0xff,
    0xff, 0xff, 0xf8, 0x2f, 0xff, 0xff, 0xff, 0xff,
    0xff, 0xff, 0xff, 0xff, 0xff, 0x70, 0xef, 0xff,
    0xff, 0xff, 0xf1, 0xcf, 0xff, 0xff, 0xff, 0xf3,
    0x9, 0xff, 0xff, 0xff, 0xfb, 0x7, 0xff, 0xff,
    0xff, 0xfe, 0x0, 0x4f, 0xff, 0xff, 0xff, 0x60,
    0x2f, 0xff, 0xff, 0xff, 0x80, 0x0, 0xef, 0xff,
    0xff, 0xf2, 0x0, 0xef, 0xff, 0xff, 0xf3, 0x0,
    0x9, 0xff, 0xff, 0xfd, 0x0, 0xa, 0xff, 0xff,
    0xfd, 0x0, 0x0, 0x1e, 0xff, 0xff, 0x60, 0x0,
    0x3e, 0xff, 0xff, 0x50, 0x0,

    /* U+0078 "x" */
    0x2f, 0xff, 0xff, 0xc0, 0x0, 0x2, 0xff, 0xff,
    0xfb, 0x4f, 0xff, 0xff, 0xf0, 0x0, 0x4, 0xff,
    0xff, 0xff, 0x5f, 0xff, 0xff, 0xf0, 0x0, 0x5,
    0xff, 0xff, 0xff, 0x4f, 0xff, 0xff, 0xf0, 0x0,
    0x5, 0xff, 0xff, 0xff, 0x4f, 0xff, 0xff, 0xf4,
    0x0, 0x9, 0xff, 0xff, 0xfe, 0x1f, 0xff, 0xff,
    0xfd, 0x0, 0x3f, 0xff, 0xff, 0xfb, 0x9, 0xff,
    0xff, 0xff, 0x80, 0xdf, 0xff, 0xff, 0xf3, 0x1,
    0xef, 0xff, 0xff, 0xff, 0xff, 0xff, 0xff, 0x90,
    0x0, 0x4f, 0xff, 0xff, 0xff, 0xff, 0xff, 0xfe,
    0x0, 0x0, 0x9, 0xff, 0xff, 0xff, 0xff, 0xff,
    0xf4, 0x0, 0x0, 0x2, 0xff, 0xff, 0xff, 0xff,
    0xff, 0xc0, 0x0, 0x0, 0xc, 0xff, 0xff, 0xff,
    0xff, 0xff, 0xf6, 0x0, 0x0, 0x8f, 0xff, 0xff,
    0xff, 0xff, 0xff, 0xff, 0x30, 0x4, 0xff, 0xff,
    0xff, 0xfc, 0xff, 0xff, 0xff, 0xd0, 0xd, 0xff,
    0xff, 0xff, 0x40, 0x9f, 0xff, 0xff, 0xf8, 0x3f,
    0xff, 0xff, 0xf8, 0x0, 0xd, 0xff, 0xff, 0xfd,
    0x4f, 0xff, 0xff, 0xf0, 0x0, 0x6, 0xff, 0xff,
    0xff, 0x5f, 0xff, 0xff, 0xf0, 0x0, 0x5, 0xff,
    0xff, 0xff, 0x5f, 0xff, 0xff, 0xf0, 0x0, 0x5,
    0xff, 0xff, 0xff, 0x5f, 0xff, 0xff, 0xf0, 0x0,
    0x5, 0xff, 0xff, 0xff, 0x2f, 0xff, 0xff, 0xc0,
    0x0, 0x2, 0xff, 0xff, 0xfc,

    /* U+0079 "y" */
    0x8f, 0xff, 0xff, 0x60, 0x0, 0x8, 0xff, 0xff,
    0xf4, 0xbf, 0xff, 0xff, 0x90, 0x0, 0xb, 0xff,
    0xff, 0xf7, 0xbf, 0xff, 0xff, 0x90, 0x0, 0xb,
    0xff, 0xff, 0xf7, 0xbf, 0xff, 0xff, 0x90, 0x0,
    0xb, 0xff, 0xff, 0xf7, 0xbf, 0xff, 0xff, 0x90,
    0x0, 0xb, 0xff, 0xff, 0xf7, 0xbf, 0xff, 0xff,
    0x90, 0x0, 0xb, 0xff, 0xff, 0xf7, 0xbf, 0xff,
    0xff, 0xa0, 0x0, 0xc, 0xff, 0xff, 0xf7, 0xbf,
    0xff, 0xff, 0xe1, 0x0, 0x2f, 0xff, 0xff, 0xf7,
    0x8f, 0xff, 0xff, 0xf9, 0x0, 0xbf, 0xff, 0xff,
    0xf4, 0x2f, 0xff, 0xff, 0xff, 0x46, 0xff, 0xff,
    0xff, 0xd0, 0x8, 0xff, 0xff, 0xff, 0xff, 0xff,
    0xff, 0xff, 0x40, 0x0, 0xcf, 0xff, 0xff, 0xff,
    0xff, 0xff, 0xf9, 0x0, 0x0, 0x2f, 0xff, 0xff,
    0xff, 0xff, 0xff, 0xd0, 0x0, 0x0, 0x6, 0xff,
    0xff, 0xff, 0xff, 0xff, 0x20, 0x0, 0x0, 0x0,
    0xaf, 0xff, 0xff, 0xff, 0xf7, 0x0, 0x0, 0x0,
    0x0, 0x1e, 0xff, 0xff, 0xff, 0xb0, 0x0, 0x0,
    0x0, 0x0, 0x6, 0xff, 0xff, 0xff, 0x30, 0x0,
    0x0, 0x0, 0x0, 0x6, 0xff, 0xff, 0xff, 0x20,
    0x0, 0x0, 0x0, 0x0, 0x6, 0xff, 0xff, 0xff,
    0x20, 0x0, 0x0, 0x0, 0x0, 0x6, 0xff, 0xff,
    0xff, 0x20, 0x0, 0x0, 0x0, 0x0, 0x3, 0xff,
    0xff, 0xfe, 0x0, 0x0, 0x0,

    /* U+007A "z" */
    0x1e, 0xff, 0xff, 0xff, 0xff, 0xff, 0xff, 0xf7,
    0x3, 0xff, 0xff, 0xff, 0xff, 0xff, 0xff, 0xff,
    0xa0, 0x3f, 0xff, 0xff, 0xff, 0xff, 0xff, 0xff,
    0xfb, 0x3, 0xff, 0xff, 0xff, 0xff, 0xff, 0xff,
    0xff, 0xb0, 0x2f, 0xff, 0xff, 0xff, 0xff, 0xff,
    0xff, 0xfb, 0x0, 0x78, 0x88, 0x88, 0xbf, 0xff,
    0xff, 0xff, 0xa0, 0x0, 0x0, 0x0, 0x1e, 0xff,
    0xff, 0xff, 0xf6, 0x0, 0x0, 0x0, 0xb, 0xff,
    0xff, 0xff, 0xfc, 0x0, 0x0, 0x0, 0x8, 0xff,
    0xff, 0xff, 0xfe, 0x10, 0x0, 0x0, 0x5, 0xff,
    0xff, 0xff, 0xff, 0x40, 0x0, 0x0, 0x2, 0xff,
    0xff, 0xff, 0xff, 0x70, 0x0, 0x0, 0x0, 0xdf,
    0xff, 0xff, 0xff, 0xa0, 0x0, 0x0, 0x0, 0xaf,
    0xff, 0xff, 0xff, 0xd0, 0x0, 0x0, 0x0, 0x7f,
    0xff, 0xff, 0xff, 0xf2, 0x0, 0x0, 0x0, 0x3f,
    0xff, 0xff, 0xff, 0xf5, 0x0, 0x0, 0x0, 0xa,
    0xff, 0xff, 0xff, 0xfd, 0x77, 0x77, 0x77, 0x50,
    0xbf, 0xff, 0xff, 0xff, 0xff, 0xff, 0xff, 0xff,
    0x2b, 0xff, 0xff, 0xff, 0xff, 0xff, 0xff, 0xff,
    0xf3, 0xbf, 0xff, 0xff, 0xff, 0xff, 0xff, 0xff,
    0xff, 0x3b, 0xff, 0xff, 0xff, 0xff, 0xff, 0xff,
    0xff, 0xf2, 0x8f, 0xff, 0xff, 0xff, 0xff, 0xff,
    0xff, 0xfe, 0x10,

    /* U+007B "{" */
    0x0, 0x0, 0x6, 0xbe, 0xff, 0xf4, 0x0, 0x2,
    0xdf, 0xff, 0xff, 0xf7, 0x0, 0xc, 0xff, 0xff,
    0xff, 0xf7, 0x0, 0x4f, 0xff, 0xff, 0xff, 0xf7,
    0x0, 0x8f, 0xff, 0xff, 0xff, 0xf7, 0x0, 0x9f,
    0xff, 0xff, 0xf9, 0x71, 0x0, 0xaf, 0xff, 0xff,
    0xc0, 0x0, 0x0, 0xaf, 0xff, 0xff, 0xb0, 0x0,
    0x0, 0xaf, 0xff, 0xff, 0xb0, 0x0, 0x0, 0xbf,
    0xff, 0xff, 0xb0, 0x0, 0x1d, 0xff, 0xff, 0xff,
    0xb0, 0x0, 0x5f, 0xff, 0xff, 0xff, 0x50, 0x0,
    0x6f, 0xff, 0xff, 0x60, 0x0, 0x0, 0x6f, 0xff,
    0xff, 0xfd, 0x40, 0x0, 0x1e, 0xff, 0xff, 0xff,
    0xb0, 0x0, 0x1, 0xcf, 0xff, 0xff, 0xb0, 0x0,
    0x0, 0xaf, 0xff, 0xff, 0xb0, 0x0, 0x0, 0xaf,
    0xff, 0xff, 0xb0, 0x0, 0x0, 0xaf, 0xff, 0xff,
    0xc0, 0x0, 0x0, 0x9f, 0xff, 0xff, 0xf8, 0x61,
    0x0, 0x8f, 0xff, 0xff, 0xff, 0xf7, 0x0, 0x4f,
    0xff, 0xff, 0xff, 0xf7, 0x0, 0xc, 0xff, 0xff,
    0xff, 0xf7, 0x0, 0x2, 0xdf, 0xff, 0xff, 0xf7,
    0x0, 0x0, 0x6, 0xbe, 0xff, 0xf4,

    /* U+007C "|" */
    0xa, 0xbb, 0xbb, 0x72, 0xff, 0xff, 0xfe, 0x3f,
    0xff, 0xff, 0xe3, 0xff, 0xff, 0xfe, 0x3f, 0xff,
    0xff, 0xe3, 0xff, 0xff, 0xfe, 0x3f, 0xff, 0xff,
    0xe3, 0xff, 0xff, 0xfe, 0x3f, 0xff, 0xff, 0xe3,
    0xff, 0xff, 0xfe, 0x3f, 0xff, 0xff, 0xe3, 0xff,
    0xff, 0xfe, 0x3f, 0xff, 0xff, 0xe3, 0xff, 0xff,
    0xfe, 0x3f, 0xff, 0xff, 0xe3, 0xff, 0xff, 0xfe,
    0x3f, 0xff, 0xff, 0xe3, 0xff, 0xff, 0xfe, 0x3f,
    0xff, 0xff, 0xe3, 0xff, 0xff, 0xfe, 0x3f, 0xff,
    0xff, 0xe3, 0xff, 0xff, 0xfe, 0x3f, 0xff, 0xff,
    0xe3, 0xff, 0xff, 0xfe, 0x2f, 0xff, 0xff, 0xe1,
    0xef, 0xff, 0xfb,

    /* U+007D "}" */
    0x8f, 0xff, 0xda, 0x40, 0x0, 0x0, 0xbf, 0xff,
    0xff, 0xfa, 0x0, 0x0, 0xbf, 0xff, 0xff, 0xff,
    0x80, 0x0, 0xbf, 0xff, 0xff, 0xff, 0xf0, 0x0,
    0xbf, 0xff, 0xff, 0xff, 0xf4, 0x0, 0x38, 0xbf,
    0xff, 0xff, 0xf5, 0x0, 0x0, 0xf, 0xff, 0xff,
    0xf6, 0x0, 0x0, 0xf, 0xff, 0xff, 0xf6, 0x0,
    0x0, 0xf, 0xff, 0xff, 0xf6, 0x0, 0x0, 0xf,
    0xff, 0xff, 0xf8, 0x0, 0x0, 0xf, 0xff, 0xff,
    0xff, 0xa0, 0x0, 0x9, 0xff, 0xff, 0xff, 0xf1,
    0x0, 0x0, 0xa, 0xff, 0xff, 0xf2, 0x0, 0x7,
    0xef, 0xff, 0xff, 0xf2, 0x0, 0xf, 0xff, 0xff,
    0xff, 0xc0, 0x0, 0xf, 0xff, 0xff, 0xf9, 0x0,
    0x0, 0xf, 0xff, 0xff, 0xf6, 0x0, 0x0, 0xf,
    0xff, 0xff, 0xf6, 0x0, 0x0, 0xf, 0xff, 0xff,
    0xf6, 0x0, 0x27, 0xaf, 0xff, 0xff, 0xf5, 0x0,
    0xbf, 0xff, 0xff, 0xff, 0xf4, 0x0, 0xbf, 0xff,
    0xff, 0xff, 0xf0, 0x0, 0xbf, 0xff, 0xff, 0xff,
    0x80, 0x0, 0xbf, 0xff, 0xff, 0xfa, 0x0, 0x0,
    0x8f, 0xff, 0xda, 0x40, 0x0, 0x0,

    /* U+007E "~" */
    0x0, 0x3, 0x67, 0x53, 0x0, 0x0, 0x0, 0x0,
    0x0, 0x6, 0xef, 0xff, 0xff, 0xfd, 0xb8, 0x65,
    0x7c, 0xf7, 0xf, 0xff, 0xff, 0xff, 0xff, 0xff,
    0xff, 0xff, 0xf9, 0xf, 0xff, 0xff, 0xff, 0xff,
    0xff, 0xff, 0xff, 0xf9, 0xf, 0xff, 0xff, 0xff,
    0xff, 0xff, 0xff, 0xff, 0xf9, 0xf, 0xff, 0xff,
    0xff, 0xff, 0xff, 0xff, 0xff, 0xf6, 0xb, 0xa6,
    0x21, 0x13, 0x58, 0xac, 0xef, 0xda, 0x40,

    /* U+00B7 "·" */
    0x7d, 0xdd, 0xdd, 0xd9, 0xbf, 0xff, 0xff, 0xfe,
    0xbf, 0xff, 0xff, 0xff, 0xbf, 0xff, 0xff, 0xff,
    0xbf, 0xff, 0xff, 0xff, 0xbf, 0xff, 0xff, 0xff,
    0xbf, 0xff, 0xff, 0xfe, 0x8f, 0xff, 0xff, 0xfb,

    /* U+2026 "…" */
    0x3d, 0xdd, 0xdd, 0xdc, 0x10, 0x1c, 0xdd, 0xdd,
    0xdd, 0x20, 0xb, 0xdd, 0xdd, 0xdd, 0x47, 0xff,
    0xff, 0xff, 0xf3, 0x4, 0xff, 0xff, 0xff, 0xf5,
    0x1, 0xff, 0xff, 0xff, 0xf8, 0x7f, 0xff, 0xff,
    0xff, 0x30, 0x4f, 0xff, 0xff, 0xff, 0x60, 0x2f,
    0xff, 0xff, 0xff, 0x87, 0xff, 0xff, 0xff, 0xf3,
    0x4, 0xff, 0xff, 0xff, 0xf6, 0x2, 0xff, 0xff,
    0xff, 0xf8, 0x7f, 0xff, 0xff, 0xff, 0x30, 0x4f,
    0xff, 0xff, 0xff, 0x60, 0x2f, 0xff, 0xff, 0xff,
    0x87, 0xff, 0xff, 0xff, 0xf3, 0x4, 0xff, 0xff,
    0xff, 0xf6, 0x2, 0xff, 0xff, 0xff, 0xf8, 0x7f,
    0xff, 0xff, 0xff, 0x30, 0x4f, 0xff, 0xff, 0xff,
    0x50, 0x1f, 0xff, 0xff, 0xff, 0x84, 0xff, 0xff,
    0xff, 0xe1, 0x2, 0xff, 0xff, 0xff, 0xf3, 0x0,
    0xef, 0xff, 0xff, 0xf5
};


/*---------------------
 *  GLYPH DESCRIPTION
 *--------------------*/

static const lv_font_fmt_txt_glyph_dsc_t glyph_dsc[] = {
    {.bitmap_index = 0, .adv_w = 0, .box_w = 0, .box_h = 0, .ofs_x = 0, .ofs_y = 0} /* id = 0 reserved */,
    {.bitmap_index = 0, .adv_w = 101, .box_w = 0, .box_h = 0, .ofs_x = 0, .ofs_y = 0},
    {.bitmap_index = 0, .adv_w = 190, .box_w = 8, .box_h = 21, .ofs_x = 2, .ofs_y = 0},
    {.bitmap_index = 84, .adv_w = 289, .box_w = 16, .box_h = 11, .ofs_x = 1, .ofs_y = 10},
    {.bitmap_index = 172, .adv_w = 336, .box_w = 21, .box_h = 21, .ofs_x = 0, .ofs_y = 0},
    {.bitmap_index = 393, .adv_w = 291, .box_w = 17, .box_h = 26, .ofs_x = 1, .ofs_y = -3},
    {.bitmap_index = 614, .adv_w = 462, .box_w = 27, .box_h = 21, .ofs_x = 1, .ofs_y = 0},
    {.bitmap_index = 898, .adv_w = 343, .box_w = 20, .box_h = 21, .ofs_x = 1, .ofs_y = 0},
    {.bitmap_index = 1108, .adv_w = 159, .box_w = 8, .box_h = 11, .ofs_x = 1, .ofs_y = 10},
    {.bitmap_index = 1152, .adv_w = 192, .box_w = 10, .box_h = 25, .ofs_x = 1, .ofs_y = -2},
    {.bitmap_index = 1277, .adv_w = 192, .box_w = 10, .box_h = 25, .ofs_x = 1, .ofs_y = -2},
    {.bitmap_index = 1402, .adv_w = 322, .box_w = 18, .box_h = 17, .ofs_x = 1, .ofs_y = 4},
    {.bitmap_index = 1555, .adv_w = 329, .box_w = 18, .box_h = 17, .ofs_x = 1, .ofs_y = 2},
    {.bitmap_index = 1708, .adv_w = 172, .box_w = 9, .box_h = 11, .ofs_x = 1, .ofs_y = -3},
    {.bitmap_index = 1758, .adv_w = 188, .box_w = 10, .box_h = 6, .ofs_x = 1, .ofs_y = 7},
    {.bitmap_index = 1788, .adv_w = 172, .box_w = 9, .box_h = 8, .ofs_x = 1, .ofs_y = 0},
    {.bitmap_index = 1824, .adv_w = 155, .box_w = 10, .box_h = 26, .ofs_x = 0, .ofs_y = -3},
    {.bitmap_index = 1954, .adv_w = 326, .box_w = 18, .box_h = 21, .ofs_x = 1, .ofs_y = 0},
    {.bitmap_index = 2143, .adv_w = 269, .box_w = 15, .box_h = 21, .ofs_x = 1, .ofs_y = 0},
    {.bitmap_index = 2301, .adv_w = 286, .box_w = 16, .box_h = 21, .ofs_x = 1, .ofs_y = 0},
    {.bitmap_index = 2469, .adv_w = 285, .box_w = 16, .box_h = 21, .ofs_x = 1, .ofs_y = 0},
    {.bitmap_index = 2637, .adv_w = 318, .box_w = 17, .box_h = 21, .ofs_x = 1, .ofs_y = 0},
    {.bitmap_index = 2816, .adv_w = 290, .box_w = 16, .box_h = 21, .ofs_x = 1, .ofs_y = 0},
    {.bitmap_index = 2984, .adv_w = 310, .box_w = 18, .box_h = 21, .ofs_x = 1, .ofs_y = 0},
    {.bitmap_index = 3173, .adv_w = 281, .box_w = 16, .box_h = 21, .ofs_x = 1, .ofs_y = 0},
    {.bitmap_index = 3341, .adv_w = 319, .box_w = 18, .box_h = 21, .ofs_x = 1, .ofs_y = 0},
    {.bitmap_index = 3530, .adv_w = 310, .box_w = 17, .box_h = 21, .ofs_x = 1, .ofs_y = 0},
    {.bitmap_index = 3709, .adv_w = 172, .box_w = 9, .box_h = 18, .ofs_x = 1, .ofs_y = 0},
    {.bitmap_index = 3790, .adv_w = 172, .box_w = 9, .box_h = 21, .ofs_x = 1, .ofs_y = -3},
    {.bitmap_index = 3885, .adv_w = 320, .box_w = 16, .box_h = 19, .ofs_x = 2, .ofs_y = 1},
    {.bitmap_index = 4037, .adv_w = 329, .box_w = 18, .box_h = 14, .ofs_x = 1, .ofs_y = 3},
    {.bitmap_index = 4163, .adv_w = 320, .box_w = 16, .box_h = 19, .ofs_x = 2, .ofs_y = 1},
    {.bitmap_index = 4315, .adv_w = 294, .box_w = 17, .box_h = 21, .ofs_x = 1, .ofs_y = 0},
    {.bitmap_index = 4494, .adv_w = 388, .box_w = 22, .box_h = 26, .ofs_x = 1, .ofs_y = -3},
    {.bitmap_index = 4780, .adv_w = 327, .box_w = 18, .box_h = 21, .ofs_x = 1, .ofs_y = 0},
    {.bitmap_index = 4969, .adv_w = 325, .box_w = 19, .box_h = 21, .ofs_x = 1, .ofs_y = 0},
    {.bitmap_index = 5169, .adv_w = 281, .box_w = 16, .box_h = 21, .ofs_x = 1, .ofs_y = 0},
    {.bitmap_index = 5337, .adv_w = 334, .box_w = 19, .box_h = 21, .ofs_x = 1, .ofs_y = 0},
    {.bitmap_index = 5537, .adv_w = 293, .box_w = 16, .box_h = 21, .ofs_x = 1, .ofs_y = 0},
    {.bitmap_index = 5705, .adv_w = 277, .box_w = 16, .box_h = 21, .ofs_x = 1, .ofs_y = 0},
    {.bitmap_index = 5873, .adv_w = 317, .box_w = 18, .box_h = 21, .ofs_x = 1, .ofs_y = 0},
    {.bitmap_index = 6062, .adv_w = 340, .box_w = 19, .box_h = 21, .ofs_x = 1, .ofs_y = 0},
    {.bitmap_index = 6262, .adv_w = 271, .box_w = 15, .box_h = 21, .ofs_x = 1, .ofs_y = 0},
    {.bitmap_index = 6420, .adv_w = 308, .box_w = 17, .box_h = 21, .ofs_x = 1, .ofs_y = 0},
    {.bitmap_index = 6599, .adv_w = 334, .box_w = 19, .box_h = 21, .ofs_x = 1, .ofs_y = 0},
    {.bitmap_index = 6799, .adv_w = 311, .box_w = 18, .box_h = 21, .ofs_x = 1, .ofs_y = 0},
    {.bitmap_index = 6988, .adv_w = 380, .box_w = 21, .box_h = 21, .ofs_x = 1, .ofs_y = 0},
    {.bitmap_index = 7209, .adv_w = 337, .box_w = 19, .box_h = 21, .ofs_x = 1, .ofs_y = 0},
    {.bitmap_index = 7409, .adv_w = 330, .box_w = 19, .box_h = 21, .ofs_x = 1, .ofs_y = 0},
    {.bitmap_index = 7609, .adv_w = 306, .box_w = 18, .box_h = 21, .ofs_x = 1, .ofs_y = 0},
    {.bitmap_index = 7798, .adv_w = 330, .box_w = 19, .box_h = 24, .ofs_x = 1, .ofs_y = -3},
    {.bitmap_index = 8026, .adv_w = 333, .box_w = 19, .box_h = 21, .ofs_x = 1, .ofs_y = 0},
    {.bitmap_index = 8226, .adv_w = 291, .box_w = 17, .box_h = 21, .ofs_x = 1, .ofs_y = 0},
    {.bitmap_index = 8405, .adv_w = 294, .box_w = 18, .box_h = 21, .ofs_x = 0, .ofs_y = 0},
    {.bitmap_index = 8594, .adv_w = 334, .box_w = 19, .box_h = 21, .ofs_x = 1, .ofs_y = 0},
    {.bitmap_index = 8794, .adv_w = 327, .box_w = 18, .box_h = 21, .ofs_x = 1, .ofs_y = 0},
    {.bitmap_index = 8983, .adv_w = 372, .box_w = 21, .box_h = 21, .ofs_x = 1, .ofs_y = 0},
    {.bitmap_index = 9204, .adv_w = 330, .box_w = 18, .box_h = 21, .ofs_x = 1, .ofs_y = 0},
    {.bitmap_index = 9393, .adv_w = 316, .box_w = 18, .box_h = 21, .ofs_x = 1, .ofs_y = 0},
    {.bitmap_index = 9582, .adv_w = 296, .box_w = 17, .box_h = 21, .ofs_x = 1, .ofs_y = 0},
    {.bitmap_index = 9761, .adv_w = 192, .box_w = 10, .box_h = 25, .ofs_x = 1, .ofs_y = -2},
    {.bitmap_index = 9886, .adv_w = 155, .box_w = 10, .box_h = 26, .ofs_x = 0, .ofs_y = -3},
    {.bitmap_index = 10016, .adv_w = 192, .box_w = 10, .box_h = 25, .ofs_x = 1, .ofs_y = -2},
    {.bitmap_index = 10141, .adv_w = 320, .box_w = 19, .box_h = 16, .ofs_x = 0, .ofs_y = 5},
    {.bitmap_index = 10293, .adv_w = 329, .box_w = 18, .box_h = 6, .ofs_x = 1, .ofs_y = -3},
    {.bitmap_index = 10347, .adv_w = 224, .box_w = 12, .box_h = 7, .ofs_x = 1, .ofs_y = 21},
    {.bitmap_index = 10389, .adv_w = 327, .box_w = 18, .box_h = 21, .ofs_x = 1, .ofs_y = 0},
    {.bitmap_index = 10578, .adv_w = 325, .box_w = 19, .box_h = 21, .ofs_x = 1, .ofs_y = 0},
    {.bitmap_index = 10778, .adv_w = 281, .box_w = 16, .box_h = 21, .ofs_x = 1, .ofs_y = 0},
    {.bitmap_index = 10946, .adv_w = 334, .box_w = 19, .box_h = 21, .ofs_x = 1, .ofs_y = 0},
    {.bitmap_index = 11146, .adv_w = 293, .box_w = 16, .box_h = 21, .ofs_x = 1, .ofs_y = 0},
    {.bitmap_index = 11314, .adv_w = 277, .box_w = 16, .box_h = 21, .ofs_x = 1, .ofs_y = 0},
    {.bitmap_index = 11482, .adv_w = 317, .box_w = 18, .box_h = 21, .ofs_x = 1, .ofs_y = 0},
    {.bitmap_index = 11671, .adv_w = 340, .box_w = 19, .box_h = 21, .ofs_x = 1, .ofs_y = 0},
    {.bitmap_index = 11871, .adv_w = 271, .box_w = 15, .box_h = 21, .ofs_x = 1, .ofs_y = 0},
    {.bitmap_index = 12029, .adv_w = 308, .box_w = 17, .box_h = 21, .ofs_x = 1, .ofs_y = 0},
    {.bitmap_index = 12208, .adv_w = 334, .box_w = 19, .box_h = 21, .ofs_x = 1, .ofs_y = 0},
    {.bitmap_index = 12408, .adv_w = 311, .box_w = 18, .box_h = 21, .ofs_x = 1, .ofs_y = 0},
    {.bitmap_index = 12597, .adv_w = 380, .box_w = 21, .box_h = 21, .ofs_x = 1, .ofs_y = 0},
    {.bitmap_index = 12818, .adv_w = 337, .box_w = 19, .box_h = 21, .ofs_x = 1, .ofs_y = 0},
    {.bitmap_index = 13018, .adv_w = 330, .box_w = 19, .box_h = 21, .ofs_x = 1, .ofs_y = 0},
    {.bitmap_index = 13218, .adv_w = 306, .box_w = 18, .box_h = 21, .ofs_x = 1, .ofs_y = 0},
    {.bitmap_index = 13407, .adv_w = 330, .box_w = 19, .box_h = 24, .ofs_x = 1, .ofs_y = -3},
    {.bitmap_index = 13635, .adv_w = 333, .box_w = 19, .box_h = 21, .ofs_x = 1, .ofs_y = 0},
    {.bitmap_index = 13835, .adv_w = 291, .box_w = 17, .box_h = 21, .ofs_x = 1, .ofs_y = 0},
    {.bitmap_index = 14014, .adv_w = 294, .box_w = 18, .box_h = 21, .ofs_x = 0, .ofs_y = 0},
    {.bitmap_index = 14203, .adv_w = 334, .box_w = 19, .box_h = 21, .ofs_x = 1, .ofs_y = 0},
    {.bitmap_index = 14403, .adv_w = 327, .box_w = 18, .box_h = 21, .ofs_x = 1, .ofs_y = 0},
    {.bitmap_index = 14592, .adv_w = 372, .box_w = 21, .box_h = 21, .ofs_x = 1, .ofs_y = 0},
    {.bitmap_index = 14813, .adv_w = 330, .box_w = 18, .box_h = 21, .ofs_x = 1, .ofs_y = 0},
    {.bitmap_index = 15002, .adv_w = 316, .box_w = 18, .box_h = 21, .ofs_x = 1, .ofs_y = 0},
    {.bitmap_index = 15191, .adv_w = 296, .box_w = 17, .box_h = 21, .ofs_x = 1, .ofs_y = 0},
    {.bitmap_index = 15370, .adv_w = 204, .box_w = 12, .box_h = 25, .ofs_x = 0, .ofs_y = -2},
    {.bitmap_index = 15520, .adv_w = 155, .box_w = 7, .box_h = 26, .ofs_x = 1, .ofs_y = -3},
    {.bitmap_index = 15611, .adv_w = 204, .box_w = 12, .box_h = 25, .ofs_x = 1, .ofs_y = -2},
    {.bitmap_index = 15761, .adv_w = 329, .box_w = 18, .box_h = 7, .ofs_x = 1, .ofs_y = 7},
    {.bitmap_index = 15824, .adv_w = 163, .box_w = 8, .box_h = 8, .ofs_x = 1, .ofs_y = 6},
    {.bitmap_index = 15856, .adv_w = 497, .box_w = 29, .box_h = 8, .ofs_x = 1, .ofs_y = 0}
};

/*---------------------
 *  CHARACTER MAPPING
 *--------------------*/

static const uint16_t unicode_list_1[] = {
    0x0, 0x1f6f
};

/*Collect the unicode lists and glyph_id offsets*/
static const lv_font_fmt_txt_cmap_t cmaps[] =
{
    {
        .range_start = 32, .range_length = 95, .glyph_id_start = 1,
        .unicode_list = NULL, .glyph_id_ofs_list = NULL, .list_length = 0, .type = LV_FONT_FMT_TXT_CMAP_FORMAT0_TINY
    },
    {
        .range_start = 183, .range_length = 8048, .glyph_id_start = 96,
        .unicode_list = unicode_list_1, .glyph_id_ofs_list = NULL, .list_length = 2, .type = LV_FONT_FMT_TXT_CMAP_SPARSE_TINY
    }
};

/*-----------------
 *    KERNING
 *----------------*/


/*Map glyph_ids to kern left classes*/
static const uint8_t kern_left_class_mapping[] =
{
    0, 1, 0, 2, 0, 0, 0, 3,
    2, 0, 0, 4, 5, 6, 7, 6,
    8, 9, 10, 11, 12, 0, 13, 14,
    15, 16, 9, 0, 0, 0, 5, 17,
    0, 0, 18, 19, 20, 21, 20, 22,
    23, 0, 24, 25, 26, 27, 0, 0,
    21, 28, 21, 29, 30, 31, 25, 32,
    33, 34, 35, 36, 0, 37, 0, 0,
    0, 0, 18, 19, 20, 21, 20, 22,
    23, 0, 24, 25, 26, 27, 0, 0,
    21, 28, 21, 29, 30, 31, 25, 32,
    33, 34, 35, 36, 0, 0, 0, 0,
    38, 0
};

/*Map glyph_ids to kern right classes*/
static const uint8_t kern_right_class_mapping[] =
{
    0, 1, 0, 2, 0, 0, 3, 4,
    2, 0, 0, 5, 6, 7, 8, 7,
    9, 0, 10, 0, 11, 12, 0, 0,
    13, 14, 15, 0, 0, 16, 6, 17,
    18, 0, 19, 0, 20, 0, 0, 0,
    20, 0, 21, 22, 0, 0, 0, 0,
    20, 0, 20, 0, 23, 24, 25, 26,
    27, 28, 29, 30, 0, 31, 0, 0,
    0, 0, 19, 0, 20, 0, 0, 0,
    20, 0, 21, 22, 0, 0, 0, 0,
    20, 0, 20, 0, 23, 24, 25, 26,
    27, 28, 29, 30, 0, 0, 0, 0,
    32, 0
};

/*Kern values between classes*/
static const int8_t kern_class_values[] =
{
    0, 0, 0, 0, 0, 0, 0, 0,
    0, 0, 0, 0, 0, 0, 0, 0,
    0, 0, -2, 0, 0, -4, 0, -4,
    0, -2, 0, 0, -4, 0, 0, 0,
    0, 0, 0, 0, 0, 0, 0, 0,
    0, 0, 0, 0, 0, -4, 0, 0,
    0, 0, -4, 0, 0, -11, 0, 0,
    0, 0, 0, -4, 0, 0, 0, 0,
    0, 0, 0, 0, 0, 0, 0, 0,
    0, 0, 0, 0, 0, 0, 0, 0,
    0, 0, 0, 0, 0, 0, 0, -22,
    0, 0, 0, 0, -9, 0, 0, 0,
    0, 0, 0, 0, 0, 0, -22, 0,
    0, 0, 0, 0, 0, 0, 0, 0,
    0, 0, -4, 0, 0, -4, 0, -4,
    0, 0, 0, -4, 0, 0, 0, 0,
    0, 0, 0, 0, 0, 0, 0, 0,
    0, -9, -4, 0, -9, -4, 0, 0,
    0, 0, 0, 0, 0, 0, 0, 0,
    0, 0, 0, 0, 0, 0, 0, 0,
    -4, 0, 0, 0, 0, 0, 0, 0,
    0, 0, 0, -9, -9, 0, -9, 0,
    0, 0, 0, 0, 0, 0, 0, 0,
    0, 0, 0, 0, 0, 0, 0, 0,
    0, 0, 0, 0, 0, 0, 0, 0,
    0, -9, -9, 0, -9, 0, 0, 0,
    0, 0, 0, 0, -9, 0, 0, -18,
    0, 0, 0, 0, -4, -9, 0, 0,
    0, 0, 0, 0, 0, 0, 0, 0,
    0, 0, 0, 0, 0, -9, 0, 0,
    0, 0, -4, -4, 0, -9, 0, 0,
    0, 0, 0, -4, 0, 0, 0, 0,
    0, 0, 0, 0, 0, 0, 0, 0,
    0, 0, -2, 0, 0, 0, 0, 0,
    0, 0, 0, 0, 0, 0, 0, 0,
    0, 0, 0, 0, 0, 0, 0, 0,
    0, -22, -27, 0, -9, -9, 0, -18,
    0, 0, 0, -13, 0, 0, 0, -13,
    0, 0, 0, 0, 0, 0, 0, 0,
    0, 0, 0, 0, 0, 0, 0, -9,
    0, 0, 0, 0, 0, 0, 0, 0,
    0, 0, 0, -2, 0, 0, 0, -4,
    0, 0, 0, 0, 0, 0, 0, 0,
    0, 0, 0, 0, 0, 0, 0, 0,
    0, -9, -13, 0, 0, 0, 0, 0,
    0, 0, 0, -4, -4, 0, 0, -9,
    0, 0, 0, 0, 0, 0, 0, 0,
    0, 0, 0, 0, 0, 0, 0, 0,
    0, 0, 0, 0, 0, 0, 0, 0,
    0, 0, 0, 0, -4, 0, 0, 0,
    0, 0, 0, 0, 0, 0, 0, 0,
    0, 0, 0, 0, 0, 0, 0, 0,
    0, -4, -13, 0, 0, 0, 0, 0,
    0, 0, -2, -4, -7, 0, 0, 0,
    0, -4, 0, 0, 0, 0, 0, 0,
    0, 0, 0, 0, 0, 0, 0, 0,
    0, 0, 0, 0, 0, 0, -18, 0,
    -13, 0, 0, 0, 0, -2, 0, -4,
    -4, 0, 0, 0, 0, 0, 0, 0,
    0, 0, 0, 0, 0, 0, 0, 0,
    0, -4, -13, 0, 0, -4, 0, 0,
    0, 0, -4, -4, -4, 0, 0, 0,
    0, -4, 0, 0, 0, 0, 0, 0,
    0, 0, 0, 0, 0, 0, -9, 0,
    0, 0, 0, 0, 0, 0, 0, 0,
    0, -13, 0, -4, -9, 0, 0, 0,
    0, 0, 0, 0, 0, 0, 0, 0,
    0, 0, 0, 0, 0, 0, 0, 0,
    -2, -4, 0, 0, -4, 0, 0, 0,
    0, 0, 0, 0, 0, 0, 0, 0,
    0, -4, 0, 0, 0, 0, 0, -18,
    0, -4, 0, 0, -11, 0, -4, 0,
    0, -7, 0, 0, -4, 0, 0, 0,
    0, 0, 0, 0, 0, 0, 0, 0,
    0, -4, 0, 0, 0, 0, 0, -11,
    0, -2, 0, 0, -9, 0, -9, 0,
    0, 0, 0, 0, -4, 0, 0, -9,
    0, 0, 0, 0, 0, 0, 0, 0,
    0, 0, 0, -2, 0, 0, 0, 0,
    0, 0, 0, 0, 0, 0, 0, -9,
    0, 0, 0, 0, 0, 0, 0, 0,
    -4, 0, 0, 0, 0, 0, 0, 0,
    0, 0, 0, 0, 0, 0, 0, -2,
    0, 0, 0, 0, 0, 0, -4, 0,
    -4, 0, 0, -9, 0, 0, -13, -9,
    -16, 0, 0, 0, 0, 0, 0, 0,
    0, 0, -16, -2, 0, -27, 0, 0,
    0, 0, 0, -9, 0, 0, 0, -9,
    0, -4, 0, 0, -4, 0, 0, 0,
    0, 0, 0, 0, 0, 0, 0, 0,
    0, -9, 0, 0, 0, 0, 0, 0,
    0, -2, 0, 0, -13, 0, -4, 0,
    0, 0, 0, 0, 0, 0, 0, -9,
    0, 0, 0, 0, 0, 0, 0, 0,
    0, 0, 0, 0, 0, 0, 0, 0,
    0, 0, 0, 0, 0, 0, 0, -9,
    0, 0, 0, 0, 0, 0, 0, 0,
    -4, 0, 0, 0, 0, 0, 0, 0,
    0, 0, 0, 0, 0, 0, 0, 0,
    0, 0, 0, 0, 0, 0, 0, 0,
    0, -4, 0, 0, -4, 0, 0, 0,
    0, 0, 0, 0, 0, 0, 0, 0,
    0, -4, 0, 0, 0, 0, 0, -11,
    0, -2, 0, 0, -9, 0, -4, 0,
    -4, -11, 0, 0, -4, 0, 0, 0,
    0, 0, 0, 0, 0, 0, 0, 0,
    0, -9, 0, 0, 0, 0, 0, -31,
    0, -11, -4, 0, -22, 0, -13, 0,
    -4, 0, 0, 0, 0, 0, -9, 0,
    -7, 0, 0, 0, 0, 0, 0, 0,
    0, 0, -4, 0, 0, 0, 0, 0,
    0, 0, 0, 0, 0, -4, -2, 0,
    0, -7, 0, 0, -4, 0, 0, 0,
    0, 0, 0, 0, 0, 0, 0, 0,
    0, -4, 0, -2, 0, 0, 0, -13,
    0, -4, -2, 0, -13, 0, -9, 0,
    0, 0, 0, 0, 0, 0, 0, 0,
    0, 0, 0, 0, 0, 0, 0, 0,
    0, 0, 0, 0, 0, 0, -2, -4,
    0, -2, 0, 0, -4, 0, 0, 0,
    -4, 0, 0, -13, -4, 0, -31, -18,
    -18, 0, 0, 0, 0, 0, 0, 0,
    0, 0, -18, -2, 0, -40, 0, 0,
    0, 0, 0, -7, 0, -4, 0, -9,
    -2, 0, 0, -4, 0, 0, -13, 0,
    -4, 0, 0, 0, 0, 0, 0, 0,
    0, 0, -4, 0, 0, -11, 0, 0,
    0, 0, 0, -2, 0, -2, 0, 0,
    0, 0, 0, 0, 0, 0, -4, 0,
    -2, 0, 0, 0, 0, 0, 0, 0,
    0, 0, 0, 0, 0, 0, 0, 0,
    0, 0, 0, 0, 0, 0, 0, 0,
    0, -4, 0, 0, -4, 0, 0, 0,
    0, 0, 0, 0, 0, 0, 0, 0,
    0, -4, 0, 0, 0, 0, 0, -7,
    0, -2, 0, 0, -9, 0, -4, 0,
    -4, 0, 0, -9, 0, 0, -22, -4,
    -7, 0, 0, 0, 0, 0, 0, 0,
    0, 0, -11, 0, 0, -22, 0, 0,
    0, 0, 0, -9, 0, -4, 0, 0,
    0, 0, 0, 0, 0, 0, 0, -9,
    0, 0, 0, 0, 0, 0, 0, 0,
    0, 0, 0, 0, 0, -4, 0, -4,
    0, -2, 0, 0, -4, -2, 0, -4,
    0, 0, 0, 0, 0, 0, 0, 0,
    0, 0, 0, -16, -9, 0, -9, 0,
    0, 0, 0, -4, 0, 0, 0, -18,
    -4, -4, -2, 0, -7, 0, 0, 0,
    0, 0, 0, 0, 0, 0, 0, 0,
    0, -9, 0, 0, -9, 0, 0, 0,
    0, 0, 0, 0, -9, 0, 0, -9,
    0, 0, 0, 0, 0, -4, 0, 0
};


/*Collect the kern class' data in one place*/
static const lv_font_fmt_txt_kern_classes_t kern_classes =
{
    .class_pair_values   = kern_class_values,
    .left_class_mapping  = kern_left_class_mapping,
    .right_class_mapping = kern_right_class_mapping,
    .left_class_cnt      = 38,
    .right_class_cnt     = 32,
};

/*--------------------
 *  ALL CUSTOM DATA
 *--------------------*/

#if LVGL_VERSION_MAJOR == 8
/*Store all the custom data of the font*/
static  lv_font_fmt_txt_glyph_cache_t cache;
#endif

#if LVGL_VERSION_MAJOR >= 8
static const lv_font_fmt_txt_dsc_t font_dsc = {
#else
static lv_font_fmt_txt_dsc_t font_dsc = {
#endif
    .glyph_bitmap = glyph_bitmap,
    .glyph_dsc = glyph_dsc,
    .cmaps = cmaps,
    .kern_dsc = &kern_classes,
    .kern_scale = 16,
    .cmap_num = 2,
    .bpp = 4,
    .kern_classes = 1,
    .bitmap_format = 0,
#if LVGL_VERSION_MAJOR == 8
    .cache = &cache
#endif
};



/*-----------------
 *  PUBLIC FONT
 *----------------*/

/*Initialize a public general font descriptor*/
#if LVGL_VERSION_MAJOR >= 8
const lv_font_t eg_bungee_28 = {
#else
lv_font_t eg_bungee_28 = {
#endif
    .get_glyph_dsc = lv_font_get_glyph_dsc_fmt_txt,    /*Function pointer to get glyph's data*/
    .get_glyph_bitmap = lv_font_get_bitmap_fmt_txt,    /*Function pointer to get glyph's bitmap*/
    .line_height = 31,          /*The maximum line height required by the font*/
    .base_line = 3,             /*Baseline measured from the bottom of the line*/
#if !(LVGL_VERSION_MAJOR == 6 && LVGL_VERSION_MINOR == 0)
    .subpx = LV_FONT_SUBPX_NONE,
#endif
#if LV_VERSION_CHECK(7, 4, 0) || LVGL_VERSION_MAJOR >= 8
    .underline_position = -2,
    .underline_thickness = 1,
#endif
    .dsc = &font_dsc,          /*The custom font data. Will be accessed by `get_glyph_bitmap/dsc` */
#if LV_VERSION_CHECK(8, 2, 0) || LVGL_VERSION_MAJOR >= 9
    .fallback = NULL,
#endif
    .user_data = NULL,
};



#endif /*#if EG_BUNGEE_28*/

